ax,ay,az,gx,gy,gz
-2760.0,-1568.0,18980.0,-834.0,-99.0,-147.0
-2856.0,-836.0,18680.0,-1038.0,-99.0,64.0
-2656.0,-940.0,19128.0,-1088.0,46.0,-417.0
-2912.0,-1296.0,18688.0,-1196.0,8.0,-206.0
-2064.0,-1076.0,19496.0,-1985.0,1143.0,-108.0
1884.0,-904.0,26532.0,-79.0,9272.0,-242.0
-4276.0,1708.0,15500.0,-3813.0,11003.0,-4141.0
-3292.0,-3912.0,20456.0,-2359.0,16268.0,-3853.0
-4020.0,-3688.0,24656.0,-621.0,25388.0,-572.0
-12924.0,1584.0,9996.0,-7146.0,19919.0,-1774.0
-10800.0,924.0,10496.0,-13208.0,9151.0,-315.0
-9744.0,-1764.0,8516.0,-10083.0,8255.0,-4830.0
-15324.0,-7952.0,5168.0,-10811.0,4326.0,-3409.0
-15412.0,-8132.0,7504.0,-4422.0,-4394.0,2407.0
-16668.0,-9092.0,6680.0,237.0,-15120.0,10550.0
-14500.0,-2316.0,3340.0,4998.0,-26803.0,9229.0
-6692.0,-204.0,11708.0,4956.0,-28768.0,3686.0
460.0,500.0,15600.0,1224.0,-26211.0,7250.0
9200.0,-1236.0,25596.0,1989.0,-16538.0,-589.0
13880.0,904.0,32196.0,-3186.0,5052.0,-1305.0
6040.0,-820.0,23420.0,-1678.0,17347.0,-9809.0
1892.0,-2508.0,18528.0,-6071.0,32767.0,-8308.0
-15864.0,-2276.0,-768.0,-14441.0,32767.0,-7690.0
-17176.0,-8632.0,3684.0,-2930.0,8611.0,-434.0
-17404.0,-4752.0,5104.0,-1418.0,-2304.0,1103.0
-23692.0,-9072.0,848.0,-761.0,-16285.0,6281.0
-11980.0,-608.0,4860.0,5451.0,-32476.0,3471.0
-4072.0,-36.0,14848.0,4935.0,-32623.0,4406.0
5312.0,-1688.0,20184.0,1826.0,-24271.0,4957.0
8904.0,-232.0,26344.0,-758.0,-12637.0,4922.0
11392.0,-1728.0,27824.0,-351.0,1202.0,-1769.0
8464.0,-1884.0,24660.0,-5564.0,21067.0,-8704.0
-1328.0,-3532.0,17760.0,-5056.0,24069.0,-3011.0
-10292.0,-1660.0,5624.0,-5138.0,30460.0,-2002.0
-13608.0,-1528.0,7880.0,-6985.0,17429.0,-2495.0
-17284.0,-4420.0,5696.0,-5924.0,7776.0,-4587.0
-19424.0,-9412.0,8176.0,-3295.0,-3209.0,482.0
-19088.0,-7116.0,5920.0,5405.0,-18994.0,3907.0
-8548.0,-1816.0,13672.0,8972.0,-24954.0,4721.0
-112.0,2940.0,18048.0,6732.0,-26819.0,3454.0
492.0,-1832.0,15080.0,2604.0,-18495.0,7107.0
10612.0,-1000.0,25708.0,3243.0,-10463.0,-1428.0
10660.0,-1644.0,27944.0,-3939.0,4054.0,-400.0
3240.0,368.0,17764.0,-4258.0,15409.0,-5267.0
2260.0,-1940.0,21532.0,-3020.0,24648.0,-4484.0
-7440.0,-840.0,13368.0,-9187.0,20225.0,-42.0
-14692.0,-4712.0,7484.0,-7885.0,8285.0,1851.0
-12544.0,-3044.0,12332.0,-2446.0,3267.0,-729.0
-17788.0,-4964.0,11300.0,-2129.0,-874.0,2176.0
-16484.0,-3320.0,8540.0,2395.0,-10851.0,429.0
-9908.0,-1344.0,13492.0,4631.0,-17809.0,1427.0
-3164.0,1592.0,15336.0,446.0,-20729.0,-2028.0
-768.0,-2448.0,17220.0,3262.0,-15131.0,598.0
5156.0,-3456.0,24284.0,920.0,-10941.0,1819.0
11132.0,-1936.0,27284.0,-785.0,656.0,2683.0
7696.0,-1056.0,22512.0,172.0,12654.0,-6800.0
1676.0,-2920.0,21492.0,-1062.0,17667.0,-4364.0
-3548.0,-1912.0,16964.0,-2451.0,24642.0,-4937.0
-7012.0,-100.0,12160.0,-8623.0,29645.0,1131.0
-11020.0,-896.0,7456.0,-8777.0,24342.0,-6075.0
-22008.0,-5288.0,588.0,-9157.0,9885.0,-2796.0
-21604.0,-7412.0,2920.0,43.0,-8452.0,377.0
-18128.0,-4020.0,3384.0,3689.0,-21242.0,4988.0
-9352.0,-2152.0,14268.0,5156.0,-29911.0,2961.0
-4460.0,-184.0,17204.0,-1682.0,-23316.0,3696.0
-3032.0,280.0,15748.0,784.0,-14719.0,-1243.0
-112.0,-2684.0,18100.0,664.0,-10068.0,2090.0
7872.0,-3140.0,25256.0,-902.0,-8926.0,1598.0
7980.0,-3488.0,24456.0,-1669.0,1485.0,-136.0
2288.0,-3748.0,17080.0,-2830.0,6052.0,-2388.0
-424.0,-2092.0,18440.0,1134.0,5296.0,-1341.0
-4188.0,-3164.0,19172.0,-2934.0,4920.0,546.0
-7936.0,-316.0,15040.0,57.0,5492.0,1281.0
-7480.0,-1500.0,17336.0,-3867.0,8021.0,952.0
-12512.0,-1660.0,14252.0,-1038.0,3312.0,860.0
-12772.0,-2108.0,14248.0,-1648.0,1134.0,-1730.0
-12868.0,-3064.0,13728.0,1976.0,-2624.0,-2115.0
-9312.0,20.0,13892.0,-1157.0,-5170.0,-303.0
-5176.0,-1672.0,15100.0,1945.0,-15186.0,-3031.0
832.0,-2912.0,18120.0,57.0,-11745.0,-2322.0
4596.0,-2108.0,21164.0,-4766.0,-7439.0,3478.0
8692.0,-2244.0,23056.0,1080.0,-5022.0,-475.0
9572.0,-3036.0,25364.0,-1006.0,3078.0,-1289.0
4856.0,-2272.0,21808.0,-344.0,8083.0,-1987.0
384.0,-1996.0,19500.0,-2239.0,12060.0,1278.0
-5804.0,-564.0,13732.0,-1341.0,8692.0,-547.0
-11132.0,-2084.0,11412.0,-5952.0,7713.0,1220.0
-9528.0,-1360.0,15928.0,-909.0,3114.0,-856.0
-13236.0,-3348.0,15636.0,-745.0,2203.0,-558.0
-13764.0,-3312.0,14120.0,2974.0,-3615.0,-1635.0
-12204.0,-2364.0,13808.0,4054.0,-7103.0,-1957.0
-6112.0,-620.0,17376.0,3991.0,-10903.0,-3238.0
-788.0,940.0,18492.0,-2666.0,-11847.0,1023.0
88.0,-972.0,15176.0,4929.0,-13664.0,-2124.0
9848.0,-1508.0,23596.0,-1361.0,-6990.0,1505.0
11500.0,-636.0,23688.0,-4397.0,-370.0,1753.0
9704.0,-896.0,24100.0,-2046.0,6785.0,-3620.0
3472.0,-1604.0,20444.0,-4296.0,10977.0,-868.0
-848.0,-1344.0,18408.0,-2952.0,14447.0,145.0
-6680.0,-1528.0,15416.0,-6221.0,13112.0,3164.0
-9232.0,-2380.0,14020.0,-2927.0,7069.0,1533.0
-10244.0,-516.0,14300.0,-4058.0,7500.0,2611.0
-13044.0,-4672.0,17148.0,-1332.0,2078.0,1005.0
-14296.0,-1824.0,12500.0,144.0,-1989.0,51.0
-12372.0,-2560.0,12248.0,2030.0,-6285.0,-1151.0
-8644.0,-1580.0,13448.0,6461.0,-11565.0,-2224.0
-1892.0,852.0,18600.0,2350.0,-18178.0,-2253.0
6120.0,-2800.0,21348.0,-1401.0,-13001.0,4807.0
7140.0,724.0,21384.0,2590.0,-2273.0,-5623.0
8236.0,-1616.0,23052.0,-4522.0,2942.0,2776.0
9600.0,-304.0,21960.0,-492.0,4901.0,-6111.0
3592.0,-876.0,20864.0,-4674.0,11717.0,512.0
-2628.0,-1440.0,18704.0,-4551.0,13512.0,-1688.0
-11704.0,-3036.0,11908.0,-8395.0,11670.0,2501.0
-12440.0,-2344.0,12676.0,-774.0,6455.0,-1796.0
-14356.0,-4152.0,12220.0,-5152.0,1473.0,275.0
-13176.0,-4992.0,15392.0,3545.0,-4112.0,-517.0
-10664.0,-1744.0,15420.0,860.0,-4086.0,2556.0
-6784.0,268.0,14896.0,-564.0,-11301.0,1426.0
-3732.0,-828.0,15072.0,2313.0,-14101.0,330.0
1716.0,-2024.0,17848.0,373.0,-12493.0,-810.0
7432.0,-3512.0,22908.0,-1019.0,-9290.0,4371.0
12596.0,-468.0,27016.0,-880.0,2253.0,-1801.0
7232.0,-3036.0,23860.0,-2911.0,8555.0,-3311.0
3756.0,20.0,19916.0,-1740.0,14519.0,-3027.0
-3284.0,-1000.0,15096.0,-5541.0,19885.0,-2680.0
-13424.0,-3748.0,9512.0,-6081.0,10272.0,-2294.0
-12788.0,-3032.0,11200.0,1271.0,-752.0,-6104.0
-12012.0,-5388.0,16676.0,-4837.0,1168.0,-1471.0
-13468.0,-6076.0,15104.0,1320.0,-1460.0,756.0
-11380.0,-3772.0,14236.0,2797.0,-5932.0,3194.0
-9360.0,-712.0,9244.0,6450.0,-19455.0,1185.0
-356.0,-1796.0,19652.0,4961.0,-10562.0,326.0
6060.0,-4.0,22672.0,-2852.0,-10879.0,4436.0
8364.0,1896.0,21556.0,2629.0,-5207.0,-1651.0
10132.0,-1604.0,25808.0,-3809.0,2935.0,-313.0
6644.0,-908.0,21676.0,-3834.0,7867.0,-4253.0
408.0,-3160.0,20608.0,-3578.0,10864.0,212.0
-3836.0,-1280.0,18024.0,-1589.0,11639.0,-63.0
-7408.0,-2040.0,13976.0,-8396.0,11205.0,2816.0
-7580.0,-1576.0,13104.0,-2793.0,9790.0,-2031.0
-12128.0,-3972.0,13748.0,-7035.0,1511.0,3602.0
-11884.0,-4512.0,16068.0,294.0,822.0,2863.0
-12268.0,-1880.0,15364.0,268.0,-2887.0,1694.0
-11656.0,-3232.0,15196.0,7144.0,-7950.0,-1698.0
-3344.0,3016.0,16248.0,-4563.0,-8114.0,2057.0
-5700.0,-1012.0,11552.0,-3104.0,-12759.0,-4550.0
52.0,-6376.0,20544.0,6717.0,-13071.0,-4067.0
7332.0,-1456.0,22608.0,-3525.0,-6367.0,3750.0
8016.0,-1616.0,21688.0,-1993.0,-2359.0,-622.0
9044.0,-2132.0,24976.0,-371.0,3817.0,-4695.0
4224.0,-2464.0,22992.0,-1949.0,8813.0,-3858.0
-640.0,-2224.0,18804.0,-3156.0,12336.0,-1458.0
-6980.0,-3328.0,14840.0,-3863.0,11372.0,2058.0
-10884.0,-1676.0,11856.0,-2264.0,3326.0,647.0
-12824.0,-3188.0,12080.0,135.0,822.0,-933.0
-11764.0,-3804.0,16176.0,-4561.0,4277.0,1288.0
-12748.0,-4256.0,14560.0,3688.0,-3594.0,-1657.0
-9824.0,-2416.0,15520.0,646.0,-5118.0,243.0
-6044.0,-812.0,14408.0,-1457.0,-10312.0,1785.0
-1408.0,-1424.0,17480.0,4580.0,-12222.0,-4013.0
3168.0,-2760.0,21196.0,1154.0,-8109.0,-58.0
6452.0,-1964.0,21524.0,-1106.0,-6004.0,276.0
12580.0,-292.0,26928.0,-1488.0,1906.0,-1064.0
5240.0,-3076.0,21752.0,-3472.0,7230.0,-3064.0
928.0,-1548.0,18272.0,-3609.0,11468.0,-411.0
-4244.0,-2540.0,16976.0,-5594.0,14250.0,1459.0
-11256.0,-3032.0,12836.0,-2660.0,7342.0,3053.0
-11436.0,-1896.0,12576.0,-1760.0,3951.0,-841.0
-14588.0,-4380.0,13392.0,510.0,-2.0,-1275.0
-12340.0,-3000.0,13540.0,-1897.0,-2420.0,1162.0
-9936.0,-2568.0,14800.0,5504.0,-8712.0,-3245.0
-5136.0,-1640.0,17332.0,2704.0,-10526.0,-766.0
-2324.0,-868.0,16220.0,1264.0,-9534.0,813.0
2240.0,-3396.0,20396.0,4879.0,-10421.0,-1281.0
5772.0,-908.0,21864.0,-3925.0,-4487.0,5223.0
13760.0,1424.0,26580.0,-767.0,1095.0,-61.0
8560.0,196.0,23044.0,-3661.0,9205.0,-4055.0
3348.0,-1584.0,19924.0,-5945.0,15059.0,-2139.0
-3588.0,-2152.0,14920.0,-4109.0,16731.0,-2936.0
-10128.0,-3636.0,13288.0,-4969.0,11155.0,1323.0
-13852.0,-2324.0,10052.0,-2727.0,3073.0,471.0
-14752.0,-4592.0,11428.0,-3907.0,-762.0,-2024.0
-13304.0,-5448.0,14008.0,2745.0,-3919.0,-66.0
-11172.0,-3152.0,13528.0,3719.0,-7905.0,735.0
-6260.0,-2204.0,16028.0,5879.0,-12108.0,-221.0
-2832.0,-496.0,17828.0,-722.0,-8965.0,4437.0
2852.0,816.0,16540.0,5732.0,-17567.0,-929.0
7328.0,-360.0,22140.0,-5630.0,-3874.0,5185.0
13040.0,-1176.0,28648.0,-1571.0,952.0,-2376.0
6504.0,84.0,23464.0,-5051.0,11240.0,-3395.0
332.0,-2448.0,18460.0,-6089.0,14657.0,-3249.0
-4112.0,-2744.0,16280.0,-5595.0,17271.0,-1259.0
-12096.0,-5084.0,10244.0,-5956.0,9281.0,1162.0
-12584.0,-3788.0,10304.0,-2189.0,4281.0,720.0
-12960.0,-3088.0,13632.0,-1230.0,224.0,-878.0
-14356.0,-4472.0,14244.0,888.0,-2886.0,-296.0
-13336.0,-5240.0,14732.0,5156.0,-5651.0,-1880.0
-10820.0,-1908.0,12708.0,5322.0,-11276.0,3007.0
-6428.0,2956.0,10444.0,5227.0,-17719.0,199.0
-1100.0,-5012.0,18052.0,5673.0,-22729.0,5306.0
12500.0,2224.0,22900.0,-5318.0,-15429.0,9164.0
16512.0,1684.0,25556.0,-1811.0,-449.0,1726.0
12200.0,-304.0,24284.0,-4620.0,9926.0,-2757.0
6272.0,-320.0,23424.0,-2870.0,14387.0,-6387.0
-2260.0,-1516.0,15324.0,-8694.0,20151.0,-3039.0
-7340.0,-2636.0,16708.0,-3436.0,17981.0,-3903.0
-13764.0,-2132.0,8156.0,-8512.0,16270.0,463.0
-11868.0,-4476.0,13844.0,-3811.0,6913.0,-2020.0
-16168.0,-6128.0,9336.0,-1732.0,398.0,618.0
-14524.0,-3984.0,9356.0,-780.0,-3816.0,697.0
-13500.0,-5792.0,11372.0,8384.0,-11628.0,-1436.0
-6088.0,-1876.0,13232.0,1734.0,-18419.0,5415.0
-1280.0,1508.0,15244.0,-336.0,-20560.0,6429.0
8672.0,-2376.0,25156.0,5450.0,-16319.0,-235.0
9288.0,1444.0,25048.0,-4413.0,2022.0,6073.0
10968.0,136.0,26972.0,-1815.0,3490.0,-5221.0
6152.0,504.0,22040.0,-4018.0,9927.0,-5678.0
-1856.0,-1896.0,14508.0,-6434.0,18169.0,-7387.0
-6192.0,-3876.0,16780.0,-5618.0,14786.0,-152.0
-15572.0,-5152.0,9112.0,-4743.0,3596.0,2006.0
-12056.0,-3940.0,13508.0,-1527.0,1289.0,846.0
-14716.0,-4660.0,10824.0,-1284.0,-1434.0,469.0
-11748.0,-4700.0,13864.0,1626.0,-5511.0,233.0
-10808.0,-2628.0,12556.0,4993.0,-10289.0,-39.0
-3256.0,-412.0,16660.0,1644.0,-15482.0,2972.0
964.0,-836.0,17692.0,-590.0,-13796.0,4414.0
7024.0,-908.0,23500.0,1753.0,-11541.0,308.0
10512.0,-372.0,24044.0,-4188.0,-1552.0,3879.0
11368.0,-940.0,26284.0,-1821.0,4327.0,-6301.0
7264.0,-2824.0,24508.0,-4401.0,13614.0,-5769.0
1216.0,-1064.0,18316.0,-4811.0,17150.0,-5426.0
-4400.0,-1408.0,13244.0,-5866.0,24632.0,-6422.0
-11748.0,-6604.0,11652.0,-5147.0,12747.0,-977.0
-17528.0,-6916.0,9044.0,-214.0,-1408.0,2206.0
-14184.0,-5312.0,13140.0,1147.0,-2170.0,1699.0
-14416.0,-4212.0,9824.0,2212.0,-5125.0,3180.0
-10528.0,-3416.0,12568.0,7995.0,-12030.0,2426.0
-3000.0,76.0,15048.0,5834.0,-16314.0,3417.0
-100.0,-1976.0,18096.0,860.0,-14305.0,6825.0
7408.0,2452.0,22800.0,-2080.0,-5383.0,6711.0
9956.0,2228.0,25904.0,-1212.0,-2741.0,-768.0
9192.0,1880.0,27012.0,-5412.0,11464.0,-6013.0
1936.0,76.0,19400.0,-11061.0,21015.0,-10314.0
-8376.0,-6212.0,14536.0,-10195.0,21081.0,-2836.0
-12924.0,-5164.0,8480.0,-4688.0,11696.0,-622.0
-13992.0,-5268.0,8544.0,-3241.0,4627.0,2106.0
-14396.0,-4312.0,10020.0,-868.0,305.0,-1256.0
-15376.0,-5772.0,11332.0,3812.0,-5211.0,-244.0
-13776.0,-5420.0,9932.0,9392.0,-14460.0,1070.0
-6184.0,-1264.0,14916.0,5732.0,-17489.0,3776.0
-2112.0,3504.0,14348.0,1196.0,-23480.0,5540.0
5624.0,-200.0,24600.0,6892.0,-19486.0,2471.0
10168.0,-1416.0,25016.0,-8981.0,-776.0,8419.0
10140.0,452.0,23124.0,-3297.0,1515.0,-5495.0
6444.0,-1800.0,21164.0,-5295.0,7208.0,-3127.0
1680.0,-2120.0,19068.0,-2572.0,6096.0,-4129.0
-2656.0,-2936.0,17108.0,-5037.0,11276.0,-528.0
-10288.0,-3820.0,14824.0,-1401.0,6675.0,1020.0
-12428.0,-3456.0,13892.0,-1345.0,3539.0,738.0
-13356.0,-3648.0,14376.0,1631.0,442.0,-16.0
-12004.0,-2328.0,13924.0,1185.0,-1587.0,1145.0
-8932.0,-1368.0,16336.0,7037.0,-9094.0,-1833.0
-4680.0,320.0,17156.0,1851.0,-10104.0,694.0
-944.0,2192.0,16776.0,-2442.0,-9283.0,-235.0
5816.0,-1392.0,20980.0,5281.0,-11065.0,-3076.0
9356.0,-508.0,22040.0,-5195.0,-2456.0,2392.0
10932.0,-632.0,24712.0,-1745.0,2096.0,-2818.0
7840.0,-596.0,22472.0,-4183.0,10087.0,-3388.0
3668.0,-492.0,18944.0,-3266.0,13477.0,-3102.0
-7092.0,-1972.0,14112.0,-6172.0,14539.0,-2273.0
-10336.0,-5136.0,14580.0,-2191.0,10524.0,1008.0
-14116.0,-2284.0,9940.0,-5389.0,7955.0,6364.0
-15148.0,-3352.0,11812.0,-2266.0,-139.0,-500.0
-14108.0,-3384.0,13480.0,436.0,-2774.0,709.0
-12356.0,-2648.0,13524.0,7987.0,-10452.0,-747.0
-6276.0,-452.0,15464.0,-1320.0,-13303.0,3945.0
-980.0,892.0,13660.0,42.0,-14776.0,2395.0
11160.0,-2700.0,26896.0,-1211.0,-11772.0,1069.0
14128.0,-380.0,27860.0,-5238.0,1189.0,-1263.0
7676.0,-2008.0,23380.0,-3845.0,8212.0,-6701.0
2592.0,-2232.0,19436.0,-3910.0,13691.0,-5391.0
-2436.0,-3136.0,18664.0,-3840.0,12998.0,-1399.0
-10064.0,-2608.0,11644.0,-6952.0,16093.0,761.0
-15700.0,-4916.0,10464.0,-3636.0,6538.0,1031.0
-17160.0,-4604.0,8812.0,-2083.0,420.0,159.0
-15028.0,-4952.0,11228.0,2899.0,-6388.0,-6.0
-10316.0,-4064.0,16452.0,2454.0,-8200.0,845.0
-8716.0,-152.0,13336.0,4545.0,-15355.0,2120.0
-3488.0,-1924.0,16004.0,4378.0,-21802.0,132.0
7524.0,-560.0,20224.0,-2633.0,-11067.0,3465.0
9396.0,-1992.0,22936.0,-2055.0,-3845.0,1061.0
13756.0,88.0,26808.0,-3163.0,6717.0,-3794.0
5396.0,-2292.0,21224.0,-5368.0,17063.0,-11053.0
-856.0,-2696.0,17392.0,-4564.0,23900.0,-8084.0
-7460.0,-3696.0,14276.0,650.0,21129.0,-6753.0
-15236.0,-5180.0,10992.0,-6730.0,11051.0,3464.0
-17860.0,-5692.0,7344.0,-1293.0,209.0,280.0
-18276.0,-8216.0,7440.0,-1722.0,-2958.0,2929.0
-14288.0,-4440.0,9684.0,2427.0,-14534.0,4985.0
-9548.0,-2292.0,13280.0,5490.0,-19934.0,1192.0
2976.0,1456.0,17096.0,-642.0,-20223.0,4150.0
388.0,-1540.0,17736.0,-791.0,-14836.0,1996.0
7816.0,-1940.0,24232.0,-1133.0,-6658.0,1193.0
11340.0,-2492.0,26940.0,-5328.0,-648.0,509.0
7468.0,-1300.0,21900.0,-3816.0,11091.0,-7207.0
1968.0,-3296.0,20096.0,-7281.0,17169.0,-1511.0
-5968.0,-1900.0,12360.0,-5929.0,23937.0,-6605.0
-10644.0,-5424.0,14072.0,-1577.0,18645.0,-2185.0
-14212.0,-5364.0,9760.0,-4191.0,3504.0,1600.0
-15388.0,-7332.0,12696.0,-150.0,1800.0,433.0
-15060.0,-4952.0,9696.0,1915.0,-4785.0,2432.0
-15172.0,-5552.0,9796.0,8097.0,-14773.0,1715.0
-1132.0,2100.0,19504.0,491.0,-14871.0,2452.0
-4880.0,-1536.0,14060.0,6480.0,-24472.0,3204.0
4216.0,-2324.0,21232.0,7896.0,-13280.0,-144.0
12384.0,880.0,25800.0,-3135.0,-760.0,5743.0
9828.0,-204.0,23072.0,-3528.0,4270.0,-2521.0
7340.0,-1864.0,22464.0,-3710.0,10844.0,-6195.0
-296.0,-1604.0,17600.0,-5611.0,12771.0,-313.0
-5668.0,-2112.0,14352.0,-5735.0,13219.0,-1952.0
-11264.0,-5080.0,14268.0,-5273.0,5367.0,2115.0
-14612.0,-4564.0,13288.0,-1175.0,-295.0,185.0
-14180.0,-5696.0,15180.0,-213.0,431.0,815.0
-14240.0,-3360.0,13604.0,2180.0,-5377.0,2483.0
-10848.0,-2480.0,14740.0,6094.0,-13238.0,-25.0
-3220.0,1552.0,17528.0,576.0,-9689.0,1192.0
-3832.0,-2024.0,14836.0,5756.0,-15822.0,-1640.0
7052.0,-8.0,22412.0,612.0,-7414.0,-456.0
9796.0,1224.0,20656.0,-2281.0,-4396.0,2150.0
16360.0,2064.0,27468.0,-3546.0,6644.0,-3209.0
7860.0,-1304.0,21932.0,-5828.0,9952.0,-5328.0
1564.0,-1152.0,16040.0,-3967.0,15033.0,-4463.0
-5032.0,-2436.0,16064.0,-6890.0,13586.0,-144.0
-13808.0,-4340.0,10732.0,-2670.0,7014.0,1128.0
-15720.0,-5568.0,13220.0,-4097.0,3125.0,1721.0
-16540.0,-5312.0,12388.0,910.0,-961.0,906.0
-12940.0,-4376.0,15692.0,1714.0,-4015.0,2838.0
-8992.0,404.0,13732.0,4668.0,-10837.0,1559.0
-5984.0,-1488.0,13752.0,5320.0,-15900.0,-619.0
5152.0,1460.0,18892.0,-4527.0,-13391.0,7590.0
7308.0,-1464.0,19144.0,-740.0,-12381.0,2007.0
18440.0,516.0,29628.0,-2799.0,820.0,1862.0
13008.0,416.0,25072.0,-4786.0,12961.0,-7466.0
4556.0,-2388.0,17844.0,-4925.0,14080.0,-9012.0
-2860.0,-1068.0,15516.0,-5326.0,15521.0,-5032.0
-10152.0,-4372.0,10792.0,-10208.0,13095.0,-1868.0
-15836.0,-7412.0,10092.0,-2443.0,2880.0,-1416.0
-16632.0,-7640.0,11908.0,-852.0,-23.0,2378.0
-14612.0,-5720.0,13660.0,987.0,-1565.0,3743.0
-11584.0,-3776.0,15584.0,6404.0,-5655.0,1925.0
-8864.0,-1984.0,13036.0,4825.0,-12831.0,4401.0
-3712.0,-716.0,15496.0,254.0,-14104.0,5534.0
5972.0,240.0,18356.0,-1837.0,-14783.0,3426.0
10120.0,-676.0,21852.0,-2490.0,-9392.0,5637.0
17200.0,-588.0,30260.0,-2351.0,1111.0,-3223.0
6040.0,-2152.0,19152.0,-8785.0,8692.0,-6210.0
4012.0,-2628.0,20676.0,-5921.0,17004.0,-4286.0
-4248.0,-3336.0,16088.0,-6382.0,14146.0,-975.0
-8476.0,-4380.0,13708.0,-2663.0,14415.0,-663.0
-15068.0,-6296.0,11456.0,-2621.0,2360.0,-506.0
-15616.0,-6492.0,13836.0,2960.0,-439.0,280.0
-14444.0,-4568.0,13244.0,678.0,-2617.0,4176.0
-11848.0,-3992.0,15880.0,7910.0,-9162.0,2534.0
-6748.0,1296.0,16824.0,6014.0,-16294.0,2445.0
-4592.0,-312.0,14108.0,6734.0,-15114.0,1111.0
6588.0,1256.0,22212.0,2743.0,-6675.0,1644.0
9936.0,2008.0,20404.0,-8579.0,-5041.0,7477.0
12544.0,960.0,22556.0,1493.0,-3454.0,-8752.0
10400.0,-556.0,22044.0,-5522.0,5184.0,-5921.0
7832.0,-1496.0,21596.0,-3633.0,10681.0,-6826.0
-1136.0,-3124.0,17812.0,-3911.0,11909.0,-1688.0
-9508.0,-2772.0,14636.0,-4923.0,8470.0,1890.0
-12788.0,-3636.0,15416.0,239.0,2478.0,1200.0
-12988.0,-1852.0,15972.0,-1216.0,2561.0,4526.0
-13500.0,-1808.0,13540.0,1847.0,-44.0,371.0
-10412.0,-1748.0,16412.0,-553.0,-2823.0,759.0
-10000.0,-248.0,12512.0,8270.0,-12843.0,-3632.0
592.0,528.0,18884.0,3713.0,-14389.0,-1259.0
5088.0,1336.0,18172.0,-5498.0,-8616.0,4585.0
11244.0,-128.0,22292.0,274.0,-6055.0,-465.0
15064.0,272.0,25072.0,-3816.0,2026.0,-576.0
9648.0,-1344.0,21688.0,-3163.0,9019.0,-4507.0
3800.0,-592.0,17016.0,-4651.0,13683.0,-2016.0
-740.0,364.0,17380.0,-3727.0,13403.0,2188.0
-10720.0,-1652.0,13040.0,-4731.0,8396.0,3225.0
-13668.0,-1468.0,14148.0,-4983.0,4443.0,2947.0
-16472.0,-4872.0,15412.0,-1658.0,785.0,2479.0
-14516.0,-2904.0,14196.0,-1021.0,21.0,2621.0
-10456.0,-1128.0,15520.0,3520.0,-5614.0,586.0
-6124.0,232.0,14916.0,4683.0,-12859.0,-900.0
-3148.0,-1244.0,15440.0,-4488.0,-9405.0,2407.0
3792.0,1888.0,15980.0,4132.0,-13254.0,-905.0
13852.0,-3320.0,28052.0,-4301.0,-3443.0,2607.0
14008.0,116.0,27288.0,-5106.0,6552.0,-3117.0
7888.0,-2864.0,23620.0,-763.0,11642.0,-4856.0
-372.0,-1396.0,15888.0,-3737.0,15094.0,-1732.0
-7620.0,-1392.0,13680.0,-3175.0,12579.0,409.0
-12816.0,-2284.0,11640.0,-1925.0,5198.0,-9.0
-15880.0,-3528.0,12512.0,-2183.0,1816.0,-49.0
-17576.0,-5032.0,11872.0,1814.0,-3423.0,-38.0
-12460.0,-2008.0,13888.0,-1046.0,-5339.0,3477.0
-7660.0,-128.0,14388.0,4655.0,-13522.0,3146.0
-2104.0,232.0,16372.0,-1278.0,-12017.0,5726.0
3520.0,684.0,18432.0,1757.0,-9038.0,836.0
9428.0,-892.0,23292.0,-3619.0,-3922.0,2312.0
13272.0,-96.0,26548.0,-1904.0,1325.0,-7117.0
8920.0,-448.0,23848.0,-46.0,10233.0,-11921.0
2180.0,-1972.0,20140.0,-1255.0,10265.0,-7177.0
-6404.0,-1204.0,14452.0,-2949.0,10963.0,-4182.0
-12232.0,-6120.0,13936.0,-4771.0,5156.0,-489.0
-15152.0,-5440.0,13024.0,-2560.0,1875.0,2559.0
-14860.0,-4192.0,14024.0,183.0,-1335.0,2744.0
-12304.0,-2260.0,14008.0,1785.0,-4248.0,3906.0
-7612.0,20.0,14256.0,3197.0,-11061.0,4028.0
-4380.0,452.0,13696.0,6224.0,-17113.0,198.0
5876.0,-656.0,21544.0,-3875.0,-7100.0,3815.0
14212.0,1448.0,27168.0,-4893.0,-1586.0,2615.0
13908.0,2836.0,26904.0,-2072.0,7607.0,-8339.0
6080.0,-1564.0,21244.0,-3474.0,11416.0,-9629.0
-3016.0,-1868.0,16472.0,-3942.0,15247.0,-6064.0
-9176.0,-4132.0,14296.0,-6868.0,12899.0,-2078.0
-15432.0,-5624.0,9916.0,-5074.0,5530.0,-24.0
-19172.0,-8684.0,9420.0,-204.0,391.0,2420.0
-12984.0,-3800.0,11208.0,1237.0,-5998.0,5881.0
-8468.0,-1088.0,12564.0,3440.0,-12181.0,3338.0
-2520.0,-2156.0,16892.0,4576.0,-16832.0,3303.0
4972.0,976.0,21056.0,-8180.0,-7170.0,8198.0
10336.0,1612.0,23816.0,499.0,-6664.0,-340.0
12140.0,1464.0,26928.0,-2877.0,3459.0,-5299.0
5568.0,-2096.0,21988.0,-6107.0,8999.0,-7029.0
-1608.0,-2336.0,17788.0,-5004.0,11118.0,-4227.0
-8004.0,-5308.0,15076.0,-7193.0,11429.0,697.0
-10556.0,-2388.0,13568.0,192.0,4279.0,-7.0
-13740.0,-5608.0,15804.0,-1117.0,2568.0,1699.0
-16580.0,-5428.0,12848.0,5283.0,-2638.0,311.0
-13676.0,-4108.0,12544.0,4288.0,-8641.0,3201.0
-5548.0,1300.0,14876.0,4394.0,-13989.0,957.0
-612.0,-240.0,15780.0,2708.0,-14629.0,1689.0
8488.0,-208.0,23280.0,146.0,-5763.0,2210.0
8800.0,908.0,21000.0,-5090.0,-1703.0,1063.0
12128.0,1256.0,24104.0,-1067.0,2984.0,-4362.0
6236.0,-2048.0,20092.0,-6978.0,10455.0,-4149.0
420.0,-2420.0,16780.0,-2129.0,13139.0,-3020.0
-7976.0,-2076.0,13624.0,-4264.0,9780.0,156.0
-10136.0,-960.0,14644.0,-1146.0,3428.0,-2.0
-14964.0,-4724.0,14544.0,-2537.0,-777.0,-246.0
-13540.0,-4200.0,15424.0,-4185.0,-910.0,2304.0
-12552.0,-3232.0,17212.0,3836.0,-7709.0,-837.0
-8472.0,-2604.0,16824.0,1500.0,-8807.0,-74.0
-2656.0,2708.0,13660.0,-3452.0,-11963.0,893.0
1824.0,-4560.0,18768.0,6424.0,-12412.0,-2095.0
11636.0,-516.0,22584.0,-8403.0,-6016.0,3365.0
17764.0,-412.0,26760.0,-3583.0,3647.0,-874.0
10992.0,-2312.0,22744.0,-1612.0,9892.0,-5990.0
3784.0,-2284.0,19092.0,-2332.0,12194.0,-2188.0
-5356.0,-1968.0,13992.0,-935.0,10310.0,1136.0
-10044.0,-1420.0,12716.0,-2575.0,5358.0,34.0
-13808.0,-3532.0,13920.0,429.0,1817.0,815.0
-14416.0,-3800.0,14400.0,-697.0,-602.0,275.0
-12764.0,-3920.0,14496.0,1048.0,-4192.0,-343.0
-8252.0,-2468.0,16728.0,3372.0,-9609.0,-1219.0
-2840.0,-500.0,18416.0,-2170.0,-9901.0,2561.0
3776.0,1268.0,16540.0,-2813.0,-8086.0,2604.0
9624.0,-3292.0,23784.0,2203.0,-5533.0,-515.0
13692.0,-1172.0,26104.0,-5136.0,2106.0,-281.0
9368.0,-1900.0,22820.0,-2958.0,8932.0,-3449.0
5856.0,-888.0,21308.0,-2465.0,13780.0,-3958.0
-1584.0,-1400.0,17500.0,-3416.0,11730.0,-835.0
-11588.0,-2584.0,9860.0,-3416.0,9395.0,1377.0
-13824.0,-4004.0,12004.0,-1968.0,4280.0,-1338.0
-16516.0,-4936.0,11420.0,-1104.0,-362.0,221.0
-15144.0,-5796.0,11240.0,302.0,-4960.0,-2.0
-9432.0,-3748.0,15244.0,4042.0,-8982.0,422.0
-5424.0,228.0,13540.0,-3448.0,-14996.0,3617.0
2164.0,-2672.0,18324.0,9995.0,-15410.0,-1000.0
13964.0,-1128.0,27740.0,-6306.0,-4236.0,4987.0
13032.0,988.0,26028.0,-3018.0,4091.0,1503.0
7332.0,1324.0,27040.0,-1205.0,8423.0,-4491.0
2120.0,-1236.0,20776.0,-5025.0,14396.0,-3416.0
-3856.0,-1216.0,17744.0,-2712.0,14533.0,-1983.0
-12312.0,-3256.0,9820.0,-4063.0,7422.0,324.0
-14112.0,-5524.0,10716.0,-3170.0,5169.0,-443.0
-16200.0,-5260.0,8092.0,-385.0,-2464.0,166.0
-11692.0,-4004.0,12140.0,926.0,-7829.0,-618.0
-7480.0,-3896.0,14276.0,3259.0,-13339.0,1409.0
-1068.0,-2604.0,19520.0,2426.0,-16533.0,6028.0
6964.0,192.0,23300.0,-2174.0,-10320.0,2950.0
10268.0,248.0,24184.0,-2459.0,-6220.0,3934.0
14008.0,1192.0,28728.0,-391.0,5302.0,-3311.0
6892.0,-120.0,22440.0,-3967.0,13062.0,-5455.0
-296.0,-2184.0,16412.0,-2155.0,11486.0,-5195.0
-6236.0,-3864.0,14912.0,-4205.0,11026.0,-896.0
-12688.0,-4144.0,12504.0,-1373.0,7223.0,769.0
-15776.0,-4032.0,11228.0,224.0,1988.0,-1242.0
-16008.0,-5184.0,10984.0,1749.0,-2566.0,2277.0
-10968.0,-2844.0,13668.0,4345.0,-10638.0,1472.0
-5160.0,-1072.0,14100.0,3989.0,-15196.0,3222.0
-644.0,-304.0,17684.0,2782.0,-12708.0,2835.0
4436.0,784.0,18912.0,-4614.0,-6721.0,4672.0
10808.0,1564.0,21104.0,6103.0,-10800.0,-881.0
16124.0,1824.0,27048.0,-4044.0,3343.0,1116.0
9064.0,332.0,21144.0,-4429.0,8608.0,-8479.0
3776.0,-1500.0,19724.0,-5851.0,10559.0,-2294.0
-2580.0,448.0,15744.0,-3336.0,11530.0,-1223.0
-9084.0,-3096.0,15300.0,-8399.0,11932.0,1656.0
-11584.0,-2884.0,14576.0,-5205.0,4438.0,-47.0
-15256.0,-5924.0,16012.0,-1784.0,2913.0,44.0
-14540.0,-3652.0,13060.0,876.0,2879.0,2528.0
-13240.0,-1592.0,9656.0,-1629.0,-3877.0,1322.0
-9796.0,-3112.0,12300.0,5945.0,-15343.0,-1742.0
-1964.0,-3632.0,18868.0,4025.0,-15418.0,1190.0
8968.0,-148.0,21080.0,-5077.0,-11805.0,6853.0
12532.0,1344.0,22948.0,5618.0,-5745.0,-1088.0
14504.0,960.0,25808.0,-1037.0,6007.0,-2906.0
5348.0,-416.0,20096.0,-1390.0,8211.0,-4931.0
0.0,-52.0,18456.0,-2821.0,12290.0,-1976.0
-7832.0,-2452.0,16120.0,-4803.0,9854.0,-208.0
-12832.0,-3416.0,14028.0,-3167.0,6617.0,442.0
-15004.0,-2176.0,11356.0,-2036.0,1399.0,-425.0
-16516.0,-5704.0,10816.0,883.0,-2830.0,-2037.0
-10792.0,-2596.0,12360.0,1207.0,-9647.0,1424.0
-4676.0,-1844.0,15072.0,3241.0,-15799.0,1368.0
2232.0,652.0,16228.0,-4515.0,-11538.0,5883.0
13256.0,-76.0,26444.0,4406.0,-10361.0,3561.0
17832.0,956.0,31096.0,-2194.0,2989.0,-412.0
9860.0,1052.0,23060.0,-601.0,11889.0,-6447.0
2612.0,472.0,18176.0,-5718.0,17992.0,-5061.0
-5384.0,-1100.0,13272.0,-4512.0,14471.0,-2286.0
-11328.0,-4808.0,13368.0,-3551.0,8539.0,-761.0
-14464.0,-3804.0,11292.0,-2434.0,4423.0,646.0
-16296.0,-4724.0,9508.0,-1346.0,636.0,-608.0
-13636.0,-3588.0,9920.0,1098.0,-5524.0,168.0
-8808.0,-3068.0,14776.0,7171.0,-13523.0,-2792.0
-3204.0,-1072.0,16136.0,-3819.0,-11384.0,3750.0
5108.0,3072.0,17676.0,-4364.0,-11517.0,2911.0
12420.0,-644.0,27016.0,2634.0,-8319.0,573.0
12920.0,-420.0,28872.0,-628.0,1615.0,-1204.0
8904.0,712.0,25700.0,-2986.0,11331.0,-4774.0
-12.0,-1712.0,19244.0,-1639.0,14799.0,-3603.0
-7000.0,-3436.0,13920.0,-5107.0,15261.0,-1006.0
-12824.0,-2464.0,9420.0,-2253.0,7123.0,-422.0
-15216.0,-4704.0,10156.0,-3418.0,3860.0,-701.0
-15412.0,-5060.0,9412.0,1260.0,-1434.0,1412.0
-11272.0,-2204.0,11672.0,-252.0,-5843.0,694.0
-8684.0,-2720.0,14052.0,5466.0,-15534.0,671.0
1208.0,424.0,14164.0,67.0,-17521.0,3555.0
3224.0,-4292.0,21840.0,3175.0,-11038.0,3030.0
10024.0,828.0,25988.0,-876.0,-5877.0,2073.0
10960.0,-1584.0,29288.0,1862.0,5503.0,718.0
5128.0,-48.0,21276.0,-2042.0,9820.0,-5010.0
2780.0,-396.0,20248.0,-2162.0,19805.0,-1466.0
-5004.0,3120.0,13776.0,-6458.0,14833.0,-2552.0
-14116.0,-4232.0,7484.0,-10852.0,12616.0,-67.0
-15920.0,-6672.0,9876.0,-2544.0,1829.0,-4154.0
-14920.0,-6224.0,11592.0,-4615.0,-754.0,2289.0
-13620.0,-6800.0,12468.0,4730.0,-8844.0,675.0
-8580.0,-2816.0,14272.0,6904.0,-15661.0,843.0
-1592.0,-2088.0,18740.0,-2844.0,-16303.0,5998.0
5372.0,2904.0,17936.0,5704.0,-15275.0,3205.0
10840.0,-2144.0,26476.0,-1042.0,-4822.0,6932.0
14312.0,1836.0,29156.0,-662.0,5840.0,-4682.0
4484.0,-464.0,19688.0,-5796.0,14516.0,-7434.0
-116.0,-1496.0,19136.0,-4281.0,18139.0,-4239.0
-8620.0,-1800.0,9432.0,-6050.0,19544.0,-3299.0
-11836.0,-4480.0,10928.0,-2625.0,9737.0,-2279.0
-15816.0,-5500.0,9396.0,-5602.0,1135.0,-2196.0
-15208.0,-9364.0,12380.0,3445.0,-8979.0,-2573.0
-11360.0,-5164.0,15284.0,542.0,-9616.0,4689.0
-7700.0,-2004.0,12876.0,11281.0,-17123.0,-930.0
-3148.0,-3452.0,16128.0,14183.0,-24164.0,4382.0
5760.0,4588.0,18624.0,-1196.0,-12086.0,7453.0
3828.0,-48.0,19332.0,8900.0,-8187.0,5098.0
17440.0,6352.0,28220.0,-2114.0,2820.0,1016.0
5612.0,4300.0,15996.0,-9940.0,15521.0,-9203.0
928.0,-1300.0,18096.0,-8420.0,15781.0,-6478.0
-8076.0,-3192.0,14228.0,-10818.0,14334.0,-2014.0
-8148.0,-4388.0,16604.0,-5736.0,9752.0,-384.0
-11592.0,-3836.0,14724.0,-1790.0,1971.0,-2181.0
-15116.0,-7908.0,13312.0,1781.0,-1766.0,433.0
-12520.0,-3920.0,12004.0,1776.0,-7731.0,4983.0
-4536.0,-1208.0,15844.0,3703.0,-17989.0,4395.0
-1924.0,-932.0,16008.0,-323.0,-13695.0,10020.0
8956.0,324.0,25300.0,2880.0,-7720.0,5967.0
11404.0,2820.0,23820.0,-1574.0,617.0,319.0
8540.0,2348.0,21508.0,-2479.0,6853.0,-10281.0
4248.0,-148.0,19548.0,-7891.0,15051.0,-12902.0
-3968.0,-4940.0,17716.0,-9338.0,15728.0,-6328.0
-7500.0,-4480.0,14924.0,-4067.0,15601.0,-4714.0
-10508.0,-6504.0,15900.0,-989.0,4798.0,-1438.0
-14212.0,-5816.0,10888.0,-1091.0,1034.0,-136.0
-14156.0,-9316.0,13224.0,2987.0,-5339.0,2689.0
-10232.0,-2464.0,10496.0,614.0,-11195.0,8845.0
-6144.0,-1812.0,15500.0,10241.0,-19230.0,686.0
696.0,48.0,17248.0,-2470.0,-15222.0,9197.0
4320.0,1512.0,18932.0,-1151.0,-9919.0,5066.0
10324.0,620.0,24868.0,1487.0,-5518.0,559.0
12040.0,1344.0,26872.0,-2289.0,5693.0,-4015.0
4232.0,-884.0,19524.0,-3549.0,12179.0,-6918.0
-1348.0,-3328.0,18372.0,-2675.0,15343.0,-3131.0
-6984.0,-1760.0,15924.0,-1725.0,11112.0,-2939.0
-13412.0,-4172.0,12648.0,-1917.0,6994.0,1048.0
-14736.0,-3500.0,10336.0,-4271.0,1747.0,1880.0
-12896.0,-3644.0,10096.0,2858.0,-6494.0,482.0
-9348.0,-988.0,12712.0,1330.0,-15603.0,2034.0
496.0,216.0,17112.0,-1223.0,-21017.0,5442.0
7520.0,-732.0,24744.0,-581.0,-10729.0,4773.0
15608.0,1420.0,31836.0,635.0,1357.0,-1027.0
9056.0,2876.0,23416.0,-2164.0,16597.0,-8688.0
-260.0,-3092.0,16316.0,-4167.0,17665.0,-6898.0
-3508.0,-2280.0,17108.0,-1227.0,15976.0,-3404.0
-10420.0,-1668.0,11260.0,-4064.0,13019.0,-1951.0
-13724.0,-3116.0,9904.0,-2383.0,5332.0,-1426.0
-16172.0,-3972.0,8468.0,-2844.0,101.0,-1759.0
-15132.0,-5948.0,9468.0,-1985.0,-9503.0,312.0
-11268.0,-3856.0,10820.0,7997.0,-23730.0,849.0
400.0,-2216.0,19076.0,3211.0,-24601.0,1881.0
5552.0,1076.0,20060.0,1136.0,-11307.0,8434.0
14464.0,1200.0,27532.0,670.0,-3392.0,1648.0
13616.0,1968.0,25028.0,-2916.0,7127.0,-719.0
5936.0,-612.0,19756.0,-3866.0,11620.0,-3855.0
-384.0,-1040.0,15896.0,-6398.0,14621.0,802.0
-8544.0,-2144.0,15984.0,-5346.0,8800.0,2282.0
-14732.0,-2808.0,13076.0,-841.0,6799.0,-142.0
-15584.0,-3380.0,11172.0,-3729.0,1019.0,844.0
-12976.0,-3284.0,12044.0,884.0,-5384.0,524.0
-9776.0,-1924.0,13312.0,2077.0,-11921.0,-1280.0
176.0,220.0,18804.0,-1952.0,-15431.0,2130.0
2776.0,-1488.0,18224.0,2398.0,-15278.0,-1967.0
15364.0,-712.0,28412.0,-2620.0,-5368.0,-1938.0
15400.0,-1888.0,28204.0,-4210.0,7278.0,1453.0
10348.0,632.0,23768.0,-1557.0,13112.0,-5858.0
1644.0,-2452.0,19664.0,-4287.0,15432.0,429.0
-6440.0,-472.0,13784.0,-304.0,11355.0,-1546.0
-11988.0,-2844.0,12276.0,-2272.0,7886.0,374.0
-14752.0,-3500.0,8992.0,-3250.0,5181.0,1315.0
-14364.0,-3696.0,9192.0,146.0,-3050.0,-682.0
-10328.0,-3464.0,12548.0,-163.0,-8509.0,523.0
-5148.0,-3160.0,14964.0,5851.0,-17686.0,403.0
3272.0,-1036.0,18888.0,54.0,-13387.0,6461.0
10116.0,1664.0,27312.0,3241.0,-7481.0,2462.0
15208.0,3892.0,29492.0,-379.0,4902.0,959.0
9648.0,1360.0,23584.0,-2523.0,14355.0,-7224.0
148.0,-316.0,18348.0,-2861.0,18866.0,-387.0
-6748.0,536.0,14328.0,-4281.0,14271.0,-2087.0
-14684.0,-3908.0,11312.0,-3140.0,9866.0,775.0
-16176.0,-2480.0,8724.0,-4884.0,2502.0,980.0
-13564.0,-5020.0,11952.0,1089.0,-5866.0,112.0
-10104.0,-2280.0,14240.0,849.0,-11858.0,1858.0
-4124.0,-1428.0,16832.0,1350.0,-16138.0,5592.0
-2788.0,3156.0,10384.0,5094.0,-18365.0,2274.0
6704.0,-1644.0,24292.0,4353.0,-14416.0,-3528.0
12796.0,2448.0,26832.0,-6583.0,-7164.0,5400.0
13884.0,2512.0,29044.0,-2678.0,6733.0,-2520.0
6088.0,1032.0,22348.0,-1833.0,13923.0,-7764.0
824.0,-204.0,19360.0,-3910.0,19774.0,-5884.0
-5072.0,-1072.0,15760.0,-5182.0,17770.0,-3730.0
-8500.0,-2052.0,13828.0,-3894.0,12290.0,-3181.0
-13400.0,-4128.0,10752.0,-5061.0,6322.0,-858.0
-14780.0,-5736.0,9868.0,469.0,-4230.0,-12.0
-12264.0,-4160.0,9104.0,-1798.0,-8549.0,4330.0
-6448.0,-832.0,12532.0,6348.0,-18820.0,2986.0
1380.0,0.0,19844.0,3705.0,-26992.0,6922.0
8380.0,140.0,26800.0,-817.0,-8233.0,664.0
13748.0,3608.0,31060.0,-2045.0,4186.0,-324.0
5468.0,1132.0,23328.0,-4687.0,16563.0,-7772.0
1076.0,-436.0,21372.0,-942.0,19737.0,-5364.0
-7756.0,-3724.0,13928.0,-4367.0,20028.0,-3615.0
-10500.0,-1112.0,9512.0,-887.0,14296.0,-729.0
-12904.0,-1824.0,8348.0,-3230.0,6067.0,-1217.0
-16288.0,-5296.0,4900.0,682.0,-2918.0,-731.0
-13348.0,-4316.0,8204.0,-1410.0,-13109.0,4585.0
-5692.0,-1716.0,13804.0,5186.0,-25444.0,5279.0
-592.0,8.0,16132.0,3737.0,-24901.0,6795.0
6288.0,3232.0,24236.0,-387.0,-11224.0,686.0
9492.0,2716.0,26236.0,-1022.0,-3088.0,2408.0
9544.0,3696.0,27516.0,-2280.0,12748.0,-6113.0
3428.0,1328.0,23152.0,-2750.0,18211.0,-6281.0
-5864.0,56.0,11624.0,-6996.0,23634.0,-6223.0
-9692.0,-1196.0,11496.0,-2579.0,13040.0,-6988.0
-16464.0,-6696.0,8088.0,-2416.0,753.0,-1100.0
-13860.0,-6668.0,11152.0,-1174.0,-7752.0,1105.0
-8876.0,-3696.0,14408.0,1693.0,-10829.0,8682.0
-9116.0,456.0,9964.0,7438.0,-18794.0,-2300.0
-1616.0,-4828.0,20532.0,1595.0,-20889.0,5921.0
7160.0,6884.0,18712.0,-2620.0,-15783.0,1905.0
11212.0,860.0,25756.0,195.0,-2995.0,5670.0
13908.0,5312.0,28632.0,-2497.0,10713.0,-5892.0
3184.0,2352.0,17852.0,-8490.0,22639.0,-7655.0
-700.0,-2280.0,18980.0,-5952.0,27956.0,-10724.0
-15564.0,-6168.0,4780.0,-6132.0,23143.0,-5856.0
-12220.0,-4388.0,11420.0,425.0,12707.0,-2485.0
-14664.0,-4720.0,6316.0,-399.0,-7837.0,4694.0
-12924.0,-3536.0,7432.0,-1613.0,-15007.0,3125.0
-7772.0,-756.0,15280.0,2764.0,-30903.0,4431.0
1916.0,1152.0,17116.0,4318.0,-21630.0,5569.0
10920.0,-88.0,30804.0,2843.0,-8676.0,3486.0
14756.0,4304.0,29436.0,-2253.0,2969.0,2963.0
8496.0,2104.0,24124.0,-1419.0,14123.0,-9359.0
1760.0,-744.0,21192.0,-4348.0,14443.0,-4258.0
-4776.0,864.0,14100.0,-3645.0,23192.0,-7338.0
-13612.0,-4476.0,8836.0,-7293.0,13957.0,-750.0
-14888.0,-3300.0,9128.0,-3678.0,11666.0,-3519.0
-16492.0,-7584.0,8412.0,340.0,-10300.0,1322.0
-11044.0,-2868.0,11456.0,1121.0,-15015.0,5644.0
-10788.0,-2832.0,9008.0,5877.0,-23005.0,-1112.0
3488.0,1680.0,20088.0,7639.0,-32768.0,5935.0
9820.0,1868.0,22528.0,5116.0,-11583.0,2075.0
14116.0,3548.0,27360.0,-818.0,-1840.0,-210.0
12916.0,5520.0,23652.0,-5657.0,22031.0,-4081.0
760.0,-1804.0,18480.0,-5425.0,26230.0,-10310.0
-6324.0,-1540.0,11032.0,-7135.0,28583.0,-2057.0
-10104.0,-2344.0,12132.0,-4549.0,26517.0,-697.0
-14288.0,-3144.0,12524.0,-4785.0,5855.0,1151.0
-18112.0,-4036.0,9572.0,211.0,613.0,-500.0
-17248.0,-1580.0,6892.0,-1608.0,-15984.0,4809.0
-7164.0,-736.0,9808.0,355.0,-32768.0,2174.0
4088.0,-7060.0,18292.0,2351.0,-24567.0,2011.0
2652.0,4368.0,18560.0,7410.0,-17283.0,2320.0
9084.0,-48.0,20248.0,5289.0,-14610.0,4462.0
13440.0,3896.0,27716.0,-2854.0,6056.0,-3297.0
5996.0,1712.0,23760.0,-7980.0,19536.0,-2557.0
1304.0,316.0,16792.0,-9692.0,26625.0,-7047.0
-3388.0,-2088.0,16684.0,-9341.0,32767.0,-4837.0
-17224.0,-5164.0,5120.0,-2835.0,12211.0,-3518.0
-15316.0,-2672.0,7004.0,-4417.0,5699.0,-129.0
-19796.0,-4784.0,3088.0,2132.0,-15339.0,2649.0
-10028.0,-4516.0,16432.0,1372.0,-27233.0,7955.0
-5880.0,-476.0,13268.0,6940.0,-32768.0,3316.0
780.0,-1308.0,21656.0,4266.0,-14699.0,-1790.0
6876.0,4700.0,19868.0,6645.0,-16052.0,3910.0
8024.0,1232.0,20336.0,7334.0,-18717.0,2359.0
15520.0,3252.0,25596.0,-1278.0,-2567.0,594.0
10736.0,5936.0,18908.0,-9404.0,22953.0,-3881.0
480.0,-2084.0,18908.0,-8627.0,17437.0,-4857.0
-2564.0,-1252.0,15800.0,-9386.0,22351.0,-12.0
-4868.0,356.0,18512.0,-3942.0,26984.0,-2037.0
-13420.0,-2856.0,12832.0,-6492.0,9560.0,786.0
-17572.0,-7340.0,8316.0,-752.0,-692.0,2053.0
-13416.0,-3684.0,8268.0,-478.0,-12434.0,5972.0
-9084.0,-968.0,11212.0,2398.0,-24671.0,8161.0
912.0,2976.0,16356.0,3689.0,-23538.0,-414.0
4100.0,56.0,23396.0,2210.0,-12656.0,2928.0
16876.0,1064.0,32767.0,-2007.0,3496.0,-3188.0
4232.0,1832.0,17076.0,-3034.0,21310.0,-11454.0
4044.0,-924.0,21708.0,-2895.0,28845.0,-12796.0
-12168.0,-4688.0,4224.0,-4558.0,28061.0,-12688.0
-15468.0,-7184.0,8916.0,-3591.0,8456.0,-6171.0
-19728.0,-8632.0,6388.0,-136.0,-13228.0,6395.0
-10144.0,-4268.0,17916.0,6715.0,-17122.0,9667.0
-10624.0,3184.0,15008.0,-166.0,-32768.0,13543.0
2728.0,1772.0,18724.0,3977.0,-10578.0,-1637.0
5264.0,1176.0,22764.0,867.0,-7748.0,6851.0
9792.0,3848.0,25300.0,-1108.0,-2436.0,-1189.0
10784.0,3784.0,22340.0,-8620.0,14936.0,-5402.0
-928.0,-2344.0,15052.0,-9172.0,23462.0,-6750.0
-4772.0,-2172.0,16212.0,-7674.0,21428.0,-1294.0
-11440.0,-2276.0,12412.0,-4375.0,30578.0,-3171.0
-15864.0,-4332.0,12544.0,-4245.0,4447.0,-631.0
-16896.0,-5180.0,9684.0,-878.0,-5423.0,2373.0
-15176.0,-2112.0,6048.0,216.0,-15362.0,2304.0
-5832.0,-1468.0,15772.0,-1192.0,-30017.0,1068.0
-4132.0,-6076.0,13632.0,11693.0,-32768.0,1048.0
7980.0,3460.0,23888.0,3350.0,-10459.0,1074.0
11364.0,2428.0,24276.0,4084.0,-8953.0,1640.0
16584.0,4716.0,28684.0,-2367.0,9834.0,-1347.0
6988.0,1564.0,18324.0,-10548.0,31171.0,-7647.0
-3216.0,-3644.0,15000.0,-6542.0,26161.0,-6410.0
-10576.0,-1860.0,13380.0,-4609.0,32767.0,-3030.0
-22404.0,-5420.0,424.0,-6112.0,12226.0,-1460.0
-18648.0,-7092.0,7436.0,1608.0,-15357.0,1719.0
-12392.0,-4768.0,9140.0,1408.0,-32768.0,9446.0
-2972.0,-696.0,14904.0,4679.0,-23107.0,1394.0
-168.0,116.0,20240.0,6074.0,-19394.0,2924.0
8788.0,2004.0,19988.0,9439.0,-18523.0,3215.0
16060.0,6432.0,29144.0,-4486.0,9672.0,-895.0
7904.0,2868.0,18292.0,-7252.0,24640.0,-10401.0
1796.0,-2544.0,19848.0,-6731.0,32767.0,-9887.0
-10968.0,-560.0,7632.0,-4155.0,32422.0,-12171.0
-16272.0,-7248.0,10220.0,-8775.0,9744.0,-2817.0
-19932.0,-8772.0,5200.0,-415.0,-8529.0,3410.0
-11364.0,-4504.0,7164.0,967.0,-26835.0,8261.0
-4808.0,-6468.0,15984.0,1340.0,-32768.0,15683.0
5076.0,4988.0,16692.0,9719.0,-24199.0,6617.0
9408.0,1568.0,28276.0,2413.0,-6947.0,2848.0
13460.0,6984.0,28852.0,-5003.0,11882.0,-3376.0
4368.0,1156.0,18484.0,-6255.0,32299.0,-15606.0
-924.0,-2672.0,15332.0,-3324.0,32767.0,-14009.0
-14384.0,-3032.0,4464.0,-4210.0,27830.0,-14467.0
-18968.0,-9200.0,4636.0,-6829.0,3445.0,-5220.0
-22412.0,-10440.0,6320.0,1983.0,-26652.0,10302.0
-10072.0,-2156.0,4684.0,5668.0,-30158.0,10347.0
-1756.0,-3956.0,19248.0,7241.0,-29394.0,8854.0
3980.0,3296.0,21576.0,12813.0,-29577.0,6516.0
9292.0,4984.0,23776.0,2262.0,-5802.0,2760.0
12164.0,6436.0,28084.0,-3515.0,12823.0,-3762.0
4664.0,6080.0,14732.0,-10138.0,31319.0,-11175.0
2852.0,1952.0,18876.0,-11412.0,32767.0,-13364.0
-15760.0,-7040.0,-704.0,-7083.0,32767.0,-15361.0
-18688.0,-7700.0,2816.0,-7361.0,7023.0,-7217.0
-20392.0,-12648.0,4440.0,4795.0,-13449.0,6019.0
-13176.0,-3048.0,5304.0,7827.0,-29452.0,13892.0
-2320.0,20.0,14516.0,9489.0,-32768.0,8290.0
3176.0,308.0,20180.0,11697.0,-29016.0,6872.0
9832.0,8288.0,23224.0,1482.0,351.0,6122.0
11684.0,7356.0,26720.0,-1119.0,9201.0,-5998.0
6592.0,4236.0,20564.0,-14443.0,29148.0,-13114.0
-3276.0,-228.0,12864.0,-7499.0,32767.0,-17654.0
-13852.0,-3556.0,3000.0,-10625.0,27789.0,-18350.0
-17004.0,-11508.0,7260.0,-10052.0,9218.0,-6569.0
-20268.0,-12412.0,1624.0,4423.0,-10929.0,3718.0
-16100.0,-10496.0,4788.0,-1353.0,-31757.0,20879.0
-6352.0,-1740.0,8344.0,12250.0,-32768.0,17997.0
9524.0,472.0,24024.0,16511.0,-32768.0,14239.0
9064.0,12716.0,21240.0,3085.0,-8486.0,7722.0
12520.0,6436.0,24236.0,1039.0,-5953.0,-2489.0
15180.0,8496.0,22432.0,-18818.0,32767.0,-19591.0
76.0,-3732.0,13632.0,-6246.0,32767.0,-29913.0
-10980.0,-4616.0,4064.0,-10749.0,32033.0,-24813.0
-18140.0,-13856.0,5060.0,-8176.0,7755.0,-12281.0
-15324.0,-13408.0,8896.0,1849.0,-2127.0,-784.0
-19744.0,-12636.0,3144.0,5861.0,-18424.0,10678.0
-8408.0,-8560.0,12268.0,9512.0,-32768.0,24383.0
6720.0,3284.0,13360.0,15875.0,-32768.0,22103.0
9428.0,8412.0,25212.0,4434.0,-3169.0,8034.0
7972.0,8644.0,27552.0,-6543.0,4558.0,1852.0
9120.0,5616.0,20888.0,-9367.0,32767.0,-17554.0
-1384.0,-3848.0,13552.0,-7444.0,32767.0,-26978.0
-17900.0,-6080.0,-1804.0,-12113.0,16921.0,-16569.0
-14772.0,-13388.0,11960.0,-12292.0,21.0,-5647.0
-18388.0,-12204.0,2860.0,196.0,-18155.0,2967.0
-11192.0,-9700.0,10136.0,9409.0,-17032.0,11625.0
-5692.0,-4556.0,16484.0,9508.0,-29534.0,21362.0
5460.0,1608.0,19176.0,14649.0,-32258.0,17742.0
11280.0,7684.0,27012.0,3517.0,-3221.0,9417.0
12200.0,10376.0,24784.0,-3454.0,13367.0,-7404.0
6064.0,5668.0,15892.0,-8922.0,28470.0,-28870.0
-5032.0,-5976.0,10764.0,-9912.0,30409.0,-32547.0
-15852.0,-12640.0,7248.0,-7505.0,13479.0,-19320.0
-16612.0,-18340.0,9804.0,-1499.0,-5598.0,2767.0
-12236.0,-12916.0,9048.0,3195.0,-16070.0,14798.0
-6176.0,-8472.0,13608.0,8298.0,-24225.0,24546.0
1492.0,1840.0,16412.0,9301.0,-24475.0,26728.0
11256.0,11964.0,28692.0,10309.0,-703.0,7141.0
8712.0,12292.0,22536.0,-6057.0,18671.0,-13911.0
816.0,2640.0,14868.0,-12821.0,27174.0,-31298.0
-8916.0,-5824.0,10420.0,-10179.0,24226.0,-29897.0
-12092.0,-14324.0,11908.0,-8181.0,7516.0,-17056.0
-14952.0,-17140.0,10408.0,2430.0,2297.0,-256.0
-15780.0,-15080.0,8600.0,5185.0,-14927.0,19907.0
-6376.0,-7700.0,11792.0,9469.0,-30253.0,32767.0
-332.0,1460.0,14996.0,5399.0,-24641.0,30545.0
7048.0,8512.0,21748.0,7335.0,-18245.0,18881.0
12288.0,13640.0,25452.0,-2271.0,8906.0,-4994.0
3536.0,2912.0,20920.0,-12248.0,23098.0,-21763.0
288.0,-216.0,17548.0,-8097.0,32767.0,-25979.0
-12156.0,-6608.0,5340.0,-3724.0,32767.0,-31196.0
-15940.0,-12728.0,7460.0,-9373.0,463.0,-10026.0
-13804.0,-14932.0,8700.0,2351.0,-1325.0,6763.0
-14348.0,-9116.0,6712.0,5109.0,-10691.0,11676.0
-10868.0,-8568.0,9840.0,5911.0,-32768.0,29772.0
4728.0,3892.0,16784.0,7900.0,-32768.0,19540.0
7652.0,10192.0,28040.0,2870.0,-6376.0,3111.0
5880.0,7128.0,22468.0,-7544.0,14347.0,-2258.0
4632.0,2788.0,20860.0,-8558.0,32767.0,-18189.0
-7924.0,-3636.0,11280.0,-5192.0,32767.0,-21176.0
-18492.0,-8188.0,812.0,-5368.0,5174.0,-16688.0
-17820.0,-13716.0,8304.0,-5830.0,5334.0,358.0
-19852.0,-10276.0,4548.0,-198.0,-19507.0,11173.0
-8760.0,-8816.0,6624.0,9112.0,-31127.0,16863.0
-6820.0,24.0,10168.0,7996.0,-32768.0,16153.0
7804.0,-196.0,20852.0,16104.0,-32768.0,16379.0
15356.0,14776.0,25172.0,-2506.0,4575.0,-1984.0
10220.0,4112.0,23072.0,-12938.0,25190.0,-15489.0
-436.0,-1164.0,15268.0,-4909.0,32767.0,-19532.0
-10152.0,-3152.0,9596.0,-8189.0,32767.0,-18122.0
-13736.0,-9292.0,9180.0,-10122.0,11354.0,-8615.0
-17624.0,-9696.0,7980.0,-5778.0,4644.0,2147.0
-17852.0,-5496.0,5040.0,-1740.0,-11038.0,7600.0
-16028.0,-7072.0,7732.0,1455.0,-22095.0,4879.0
-12508.0,-5196.0,16272.0,4300.0,-27697.0,11041.0
-3964.0,-2292.0,16240.0,12272.0,-32768.0,17255.0
2072.0,6820.0,9840.0,7096.0,-32768.0,5305.0
6780.0,1436.0,20452.0,5932.0,-17657.0,-1415.0
16468.0,636.0,20592.0,-15623.0,-10408.0,-3234.0
16824.0,3388.0,21148.0,-6002.0,15661.0,-7149.0
10068.0,-564.0,16976.0,-17017.0,32767.0,-9189.0
1952.0,-4980.0,15556.0,-5244.0,32767.0,-8341.0
-12908.0,-6436.0,5844.0,2761.0,32767.0,-11950.0
-15064.0,-5556.0,8840.0,-15210.0,15014.0,5306.0
-17060.0,-7652.0,7672.0,5409.0,-2426.0,1575.0
-17708.0,-5948.0,4832.0,-2212.0,-11101.0,7085.0
-14568.0,-7680.0,8896.0,4292.0,-32768.0,17067.0
-352.0,612.0,16348.0,5962.0,-32768.0,10496.0
-3880.0,-1896.0,17080.0,15692.0,-32768.0,6356.0
11476.0,11588.0,17420.0,6658.0,-12119.0,5124.0
12728.0,4100.0,21340.0,-6639.0,-7485.0,-1456.0
14184.0,3596.0,21052.0,-12498.0,980.0,-526.0
14456.0,2444.0,20392.0,-13440.0,32767.0,-6161.0
1240.0,-2960.0,16524.0,-12189.0,30477.0,-10242.0
-4776.0,-3520.0,11524.0,-9429.0,32767.0,-10203.0
-15252.0,-5480.0,3200.0,-3880.0,21966.0,-8947.0
-20680.0,-11840.0,5592.0,-9211.0,307.0,3225.0
-16544.0,-7668.0,6856.0,6272.0,-16185.0,5871.0
-9668.0,-5540.0,12668.0,4066.0,-27779.0,12412.0
-5936.0,-2672.0,9996.0,11669.0,-32768.0,8887.0
1912.0,1100.0,19192.0,5192.0,-32768.0,15669.0
12088.0,7252.0,18960.0,12208.0,-27192.0,3590.0
15376.0,6060.0,23424.0,-4385.0,1371.0,-1724.0
13548.0,5924.0,20744.0,-10565.0,25236.0,-11034.0
2336.0,-2132.0,15816.0,-17163.0,32767.0,-13839.0
-7180.0,-4180.0,11084.0,-10474.0,32767.0,-14705.0
-13624.0,-5224.0,6980.0,-6371.0,27848.0,-13108.0
-20932.0,-11516.0,3280.0,-7704.0,4003.0,-2542.0
-16448.0,-9316.0,5792.0,2863.0,-7199.0,3764.0
-16956.0,-7520.0,912.0,3838.0,-30920.0,9212.0
-3640.0,-6900.0,14100.0,11100.0,-32768.0,19051.0
2112.0,2368.0,15184.0,21305.0,-32768.0,7069.0
9756.0,5016.0,20364.0,11006.0,-10100.0,9051.0
16512.0,9240.0,27084.0,-2254.0,853.0,-2036.0
12916.0,6972.0,21144.0,-13773.0,25140.0,-10226.0
3728.0,216.0,17664.0,-16463.0,32767.0,-20020.0
-8832.0,-5500.0,8676.0,-12540.0,32767.0,-19099.0
-15312.0,-8884.0,3700.0,-10048.0,18613.0,-15523.0
-17088.0,-12908.0,6548.0,-9194.0,3790.0,-3056.0
-21432.0,-14696.0,1036.0,5129.0,-18577.0,8720.0
-9636.0,-11568.0,6120.0,8305.0,-32768.0,23691.0
-4328.0,-576.0,13840.0,16713.0,-25988.0,17708.0
1816.0,1404.0,19940.0,18315.0,-32768.0,19088.0
11604.0,8808.0,16700.0,8484.0,-17920.0,11605.0
11840.0,10480.0,24116.0,1227.0,4230.0,-5963.0
12652.0,11724.0,22716.0,-12951.0,25189.0,-16255.0
3584.0,964.0,18184.0,-14238.0,32767.0,-30130.0
-7168.0,-5196.0,8816.0,-15845.0,32767.0,-27661.0
-17336.0,-11996.0,3288.0,-8838.0,6665.0,-20954.0
-20020.0,-18388.0,8144.0,-5638.0,-4093.0,212.0
-15356.0,-11932.0,4608.0,7566.0,-18490.0,14316.0
-8656.0,-4968.0,13692.0,7453.0,-25030.0,18696.0
-4508.0,-1288.0,10928.0,14285.0,-32768.0,23473.0
6576.0,4364.0,21172.0,11169.0,-32768.0,17254.0
8816.0,8412.0,18832.0,7443.0,-12751.0,8231.0
9424.0,7276.0,22116.0,-1426.0,-496.0,-866.0
12604.0,10728.0,21120.0,-14262.0,22587.0,-15247.0
2032.0,64.0,14904.0,-19861.0,29644.0,-24989.0
-1332.0,-3500.0,13232.0,-14916.0,32767.0,-28801.0
-15768.0,-12424.0,5408.0,-13769.0,21510.0,-17431.0
-13836.0,-14472.0,11240.0,-3582.0,5925.0,-8613.0
-17856.0,-15120.0,5532.0,-597.0,-11102.0,9805.0
-11032.0,-12716.0,7612.0,7796.0,-26089.0,23515.0
-3464.0,-5088.0,14816.0,12130.0,-32768.0,27879.0
6164.0,2340.0,18664.0,21798.0,-32768.0,24689.0
8884.0,12096.0,20448.0,2965.0,2259.0,8157.0
12448.0,9828.0,26656.0,-2795.0,6375.0,-7730.0
7276.0,4244.0,18908.0,-20116.0,31724.0,-23730.0
-572.0,-3008.0,15148.0,-11186.0,32767.0,-32076.0
-13556.0,-10204.0,6540.0,-10170.0,23105.0,-25818.0
-16128.0,-15708.0,6552.0,-6449.0,4435.0,-14106.0
-14296.0,-17868.0,6508.0,2140.0,-4780.0,7969.0
-15444.0,-12028.0,5456.0,8753.0,-13859.0,15860.0
-6376.0,-7560.0,14812.0,16804.0,-32768.0,29256.0
-244.0,4148.0,13300.0,23517.0,-31015.0,15111.0
1992.0,6700.0,15672.0,8939.0,-18025.0,13873.0
7388.0,6076.0,20092.0,2022.0,-15843.0,12420.0
11088.0,9732.0,21744.0,-2499.0,2086.0,-1348.0
15832.0,11028.0,25140.0,-15128.0,22599.0,-15082.0
6716.0,1100.0,17768.0,-20969.0,32754.0,-27318.0
-6868.0,-6308.0,5496.0,-17103.0,32767.0,-26334.0
-16600.0,-11412.0,2528.0,-13389.0,18285.0,-17618.0
-15144.0,-14804.0,8156.0,-10093.0,322.0,-5132.0
-16748.0,-16152.0,6692.0,5058.0,-11490.0,9417.0
-11664.0,-9912.0,9152.0,8081.0,-21560.0,22081.0
-5456.0,-5348.0,13896.0,19837.0,-26779.0,21905.0
92.0,3020.0,14216.0,9038.0,-32768.0,25242.0
3372.0,5752.0,19256.0,12502.0,-23693.0,6659.0
7776.0,4280.0,23944.0,3557.0,-8401.0,7508.0
14856.0,13588.0,25196.0,-3944.0,6958.0,-9499.0
8600.0,4416.0,18144.0,-20470.0,27343.0,-21506.0
2368.0,-1632.0,15492.0,-17155.0,32767.0,-25231.0
-11612.0,-8312.0,6144.0,-10923.0,32767.0,-25146.0
-16772.0,-12260.0,4756.0,-12808.0,6663.0,-10907.0
-19228.0,-18088.0,5996.0,-1707.0,-5121.0,3020.0
-16324.0,-14516.0,3124.0,7048.0,-26249.0,20382.0
-8824.0,-5424.0,11852.0,10336.0,-28538.0,21373.0
-1236.0,-56.0,13612.0,17515.0,-32768.0,23768.0
9256.0,8656.0,20216.0,8292.0,-20301.0,13282.0
8460.0,7144.0,21432.0,-738.0,498.0,2032.0
14472.0,9028.0,25868.0,-6481.0,11314.0,-12402.0
6208.0,1400.0,16052.0,-19553.0,32767.0,-22410.0
-3196.0,-5308.0,13728.0,-7382.0,32767.0,-28741.0
-13616.0,-10124.0,5792.0,-4959.0,23212.0,-21766.0
-17688.0,-13792.0,5340.0,-11721.0,4988.0,-5155.0
-14240.0,-14316.0,8884.0,2159.0,-6412.0,6371.0
-15192.0,-9140.0,6136.0,5068.0,-16833.0,15186.0
-7744.0,-7520.0,10408.0,10180.0,-32768.0,23187.0
452.0,140.0,15128.0,11848.0,-32768.0,23444.0
6712.0,4052.0,18544.0,11823.0,-16355.0,13193.0
11396.0,9264.0,24672.0,1081.0,6416.0,4179.0
15824.0,11524.0,24756.0,-11931.0,23958.0,-15255.0
3584.0,544.0,16532.0,-10410.0,32013.0,-28064.0
-6676.0,-5116.0,10328.0,-6444.0,32767.0,-26389.0
-13976.0,-9276.0,6896.0,-5699.0,14264.0,-21929.0
-15560.0,-12996.0,6488.0,-12693.0,6675.0,-5015.0
-15096.0,-14268.0,9192.0,1192.0,-1728.0,-743.0
-18608.0,-13188.0,5624.0,3000.0,-12616.0,14410.0
-7580.0,-6900.0,10864.0,4016.0,-32768.0,25512.0
-2864.0,-4252.0,13360.0,19719.0,-32768.0,18440.0
6600.0,5780.0,18100.0,15266.0,-23581.0,14301.0
8020.0,5440.0,20508.0,8641.0,-19712.0,7958.0
18944.0,15236.0,24472.0,-11361.0,21046.0,-4650.0
4272.0,-496.0,19468.0,-12388.0,25885.0,-22629.0
-2436.0,-756.0,14896.0,-10536.0,32767.0,-24201.0
-13384.0,-7040.0,7708.0,-7388.0,20710.0,-23633.0
-15664.0,-11680.0,8164.0,-11308.0,12372.0,-11052.0
-16616.0,-13112.0,8128.0,-1452.0,-6445.0,-272.0
-13948.0,-10556.0,6612.0,3566.0,-16193.0,8945.0
-11656.0,-7292.0,13136.0,624.0,-24653.0,16289.0
-2540.0,-5372.0,14496.0,14981.0,-32768.0,20287.0
4144.0,1720.0,17668.0,10932.0,-11261.0,10534.0
6708.0,2956.0,22480.0,9338.0,-8585.0,9409.0
11888.0,9060.0,20412.0,-1459.0,2559.0,1746.0
10968.0,5744.0,21760.0,-18218.0,28445.0,-17542.0
1832.0,-1816.0,15500.0,-12749.0,32767.0,-23561.0
-7032.0,-7472.0,12468.0,-6058.0,32767.0,-23123.0
-20280.0,-12640.0,1192.0,-6392.0,8588.0,-8218.0
-14708.0,-14764.0,11444.0,-5104.0,-5543.0,9325.0
-13172.0,-8132.0,10596.0,3356.0,-14826.0,16705.0
-9416.0,-7464.0,9328.0,6993.0,-32768.0,26886.0
-1376.0,3328.0,15972.0,6453.0,-20872.0,12095.0
500.0,-204.0,24012.0,7685.0,-32768.0,11427.0
9100.0,7412.0,20724.0,944.0,-3210.0,1566.0
12536.0,3412.0,27196.0,-4169.0,8404.0,-4538.0
9964.0,4016.0,18864.0,-17517.0,32767.0,-17092.0
3148.0,-2256.0,16432.0,-10551.0,32767.0,-20898.0
-9728.0,-8660.0,8572.0,3642.0,27922.0,-24088.0
-19156.0,-11640.0,1332.0,-6760.0,19014.0,-6220.0
-17904.0,-13352.0,7292.0,-2168.0,-9798.0,7652.0
-13488.0,-8240.0,4984.0,3214.0,-20354.0,16718.0
-11316.0,-3460.0,12076.0,-1050.0,-23618.0,16263.0
-3224.0,-2256.0,16192.0,13704.0,-32768.0,20401.0
6712.0,4964.0,20252.0,6019.0,-5933.0,7992.0
6616.0,4212.0,22388.0,3860.0,-5636.0,5.0
16436.0,12380.0,25904.0,-6449.0,17371.0,-9458.0
4128.0,-1048.0,18124.0,-14980.0,30290.0,-22705.0
-168.0,-2696.0,12836.0,-13876.0,32767.0,-27053.0
-10560.0,-8780.0,8340.0,-543.0,26482.0,-27512.0
-19360.0,-16320.0,2048.0,-6079.0,4364.0,-11680.0
-15052.0,-17420.0,9044.0,-1807.0,-11217.0,5722.0
-14992.0,-12840.0,6976.0,3724.0,-13033.0,14929.0
-4900.0,-6900.0,15708.0,5187.0,-27268.0,27301.0
-7080.0,-1844.0,12284.0,15809.0,-32768.0,22247.0
10168.0,7264.0,18364.0,8655.0,-10481.0,18095.0
9944.0,8076.0,26792.0,698.0,2579.0,4320.0
13544.0,10872.0,24000.0,-8345.0,11990.0,-10257.0
3892.0,1804.0,13940.0,-20275.0,27582.0,-26890.0
-3712.0,-7284.0,14336.0,-10727.0,32767.0,-24062.0
-13944.0,-13044.0,5832.0,-2668.0,25981.0,-24965.0
-15608.0,-15052.0,4496.0,-9326.0,5994.0,-2434.0
-16276.0,-14696.0,7548.0,3001.0,-8029.0,6794.0
-13712.0,-11068.0,4180.0,5412.0,-27566.0,18585.0
-7460.0,-4764.0,17048.0,7876.0,-26418.0,21857.0
528.0,-4304.0,13804.0,22933.0,-32768.0,23719.0
8424.0,9812.0,20340.0,5778.0,2058.0,12109.0
3740.0,5736.0,21316.0,551.0,-2570.0,-307.0
11244.0,13448.0,22460.0,-6871.0,11139.0,-15594.0
6676.0,-1360.0,18800.0,-26058.0,28829.0,-30923.0
-3980.0,-8660.0,9684.0,-7738.0,32767.0,-31725.0
-13340.0,-13892.0,6568.0,-2392.0,25565.0,-20456.0
-18904.0,-17928.0,4400.0,-6777.0,5048.0,710.0
-14652.0,-14012.0,4800.0,523.0,-9608.0,10459.0
-16040.0,-10252.0,7500.0,840.0,-24002.0,20000.0
-5468.0,-6904.0,12688.0,6567.0,-32768.0,29796.0
384.0,1588.0,17668.0,8611.0,-21605.0,10377.0
1552.0,1348.0,19940.0,7487.0,-17533.0,9138.0
12728.0,7092.0,25380.0,-67.0,579.0,5290.0
12464.0,7456.0,23380.0,-12274.0,30130.0,-19561.0
6936.0,-5892.0,17536.0,-10065.0,32767.0,-27958.0
-18448.0,-8712.0,-2868.0,5375.0,26633.0,-31265.0
-13660.0,-12496.0,11128.0,-16768.0,5634.0,-8272.0
-14632.0,-13456.0,9220.0,62.0,5386.0,-8278.0
-16580.0,-12256.0,4984.0,325.0,774.0,555.0
-19660.0,-15532.0,5964.0,3265.0,-14235.0,13495.0
-7684.0,-9168.0,5688.0,4854.0,-32768.0,18725.0
-5572.0,-4824.0,14684.0,10042.0,-32768.0,18594.0
4164.0,-2172.0,18328.0,11188.0,-32768.0,22578.0
12988.0,10696.0,22016.0,3301.0,11953.0,6980.0
12324.0,7720.0,24288.0,-10933.0,20770.0,-7815.0
4344.0,-756.0,17744.0,-9642.0,32767.0,-22265.0
-9976.0,-5892.0,6936.0,1397.0,32767.0,-23202.0
-15488.0,-8968.0,4704.0,-5569.0,13653.0,-14801.0
-18128.0,-12228.0,6908.0,-9343.0,2527.0,-623.0
-16668.0,-10820.0,5308.0,2437.0,-6269.0,4362.0
-15184.0,-8860.0,7452.0,-927.0,-26960.0,13574.0
-7104.0,-6724.0,17608.0,7563.0,-32768.0,22299.0
3284.0,776.0,16128.0,8067.0,-18041.0,14116.0
5296.0,5688.0,23864.0,6040.0,-9405.0,8445.0
13776.0,11464.0,23892.0,-8263.0,17667.0,-12241.0
5108.0,2020.0,19492.0,-12027.0,32767.0,-29377.0
-8548.0,-8032.0,9204.0,-4667.0,32009.0,-28693.0
-15296.0,-11044.0,1688.0,-10632.0,17638.0,-14280.0
-13932.0,-13632.0,6240.0,-4687.0,-2630.0,-2453.0
-15576.0,-14972.0,8416.0,3773.0,-10457.0,5056.0
-12204.0,-9128.0,8868.0,1065.0,-23223.0,16570.0
-8640.0,-7528.0,12936.0,9790.0,-25612.0,16386.0
-1192.0,-1760.0,18768.0,7899.0,-32768.0,24693.0
5856.0,2536.0,21676.0,13504.0,-23740.0,17890.0
14760.0,13500.0,23052.0,-1199.0,27693.0,-9250.0
3192.0,3624.0,17956.0,-8920.0,32767.0,-27846.0
-8696.0,-5076.0,8780.0,-3333.0,27684.0,-31644.0
-16360.0,-13400.0,6520.0,-1760.0,18833.0,-22093.0
-16984.0,-16348.0,6320.0,-2719.0,737.0,-2159.0
-14608.0,-15112.0,5392.0,5639.0,-19145.0,14093.0
-9092.0,-6524.0,14540.0,2138.0,-19965.0,21031.0
-6364.0,-4552.0,14240.0,14547.0,-32768.0,25567.0
4612.0,4816.0,17344.0,5141.0,-19005.0,22201.0
6936.0,8364.0,23320.0,1984.0,-2217.0,10011.0
14588.0,15812.0,23204.0,-11676.0,19066.0,-14529.0
-580.0,-2080.0,17008.0,-8813.0,32767.0,-27265.0
-8160.0,-4228.0,7784.0,-1930.0,22467.0,-28365.0
-18928.0,-14324.0,6232.0,-7783.0,15222.0,-13578.0
-18764.0,-15900.0,6472.0,-4611.0,-7734.0,6766.0
-14148.0,-11104.0,9196.0,-559.0,-25002.0,19142.0
-5424.0,-3592.0,16420.0,1962.0,-22517.0,19398.0
-1980.0,-1312.0,18044.0,7319.0,-32768.0,22496.0
8940.0,7396.0,19556.0,8898.0,-10551.0,12651.0
11428.0,12932.0,23632.0,-4266.0,11420.0,-11681.0
5856.0,1944.0,16644.0,-12588.0,24992.0,-28631.0
-8804.0,-7440.0,12292.0,-8143.0,32767.0,-30523.0
-14020.0,-11536.0,7248.0,-4169.0,19801.0,-20450.0
-17260.0,-16996.0,9408.0,-4814.0,5738.0,-5130.0
-19868.0,-17292.0,4888.0,387.0,-9622.0,16244.0
-9544.0,-8396.0,10340.0,1152.0,-15917.0,24643.0
-8752.0,-3216.0,13524.0,4157.0,-22553.0,26014.0
-248.0,916.0,13224.0,7386.0,-32768.0,29596.0
10548.0,13352.0,26520.0,4176.0,1721.0,5625.0
11020.0,11040.0,23212.0,-7812.0,11067.0,-21779.0
2388.0,-1024.0,16600.0,-14440.0,29090.0,-32256.0
-8880.0,-8160.0,10732.0,-795.0,28530.0,-32768.0
-16744.0,-13716.0,4908.0,-3818.0,17269.0,-16431.0
-16312.0,-15496.0,7872.0,-3746.0,825.0,-184.0
-17680.0,-14156.0,6268.0,2809.0,-12710.0,12747.0
-9204.0,-8136.0,10648.0,5317.0,-23872.0,21178.0
-5696.0,-3012.0,15572.0,10584.0,-32430.0,21789.0
3084.0,2728.0,13324.0,11136.0,-28888.0,25278.0
9692.0,10840.0,26196.0,4553.0,1854.0,5807.0
12392.0,14080.0,22560.0,-10187.0,14029.0,-13517.0
4880.0,828.0,17632.0,-17811.0,30809.0,-30729.0
-9196.0,-9892.0,9336.0,-1224.0,22582.0,-31037.0
-13348.0,-10584.0,7036.0,-9220.0,16836.0,-17591.0
-17312.0,-18260.0,9436.0,-6197.0,6730.0,-47.0
-14276.0,-13728.0,7416.0,3242.0,-7215.0,14392.0
-12584.0,-6700.0,11012.0,2867.0,-17389.0,18245.0
-8712.0,-5636.0,13976.0,8818.0,-32768.0,26591.0
6900.0,3688.0,13188.0,14504.0,-28813.0,22448.0
6784.0,9096.0,24900.0,3603.0,-5236.0,10438.0
11576.0,9260.0,21772.0,-1214.0,-4406.0,-1664.0
12268.0,8904.0,15892.0,-25104.0,31767.0,-29063.0
-1920.0,-9204.0,14284.0,-14215.0,32767.0,-32085.0
-13868.0,-10356.0,4292.0,-154.0,21301.0,-28151.0
-17040.0,-16620.0,6156.0,-10484.0,2380.0,-7004.0
-15028.0,-16244.0,9020.0,-3591.0,-1022.0,10969.0
-15892.0,-11352.0,7788.0,-1465.0,-24912.0,20578.0
-4524.0,-5436.0,15960.0,1683.0,-30690.0,26336.0
588.0,-1984.0,15528.0,3539.0,-23966.0,20707.0
1804.0,-1172.0,20560.0,11284.0,-22895.0,13915.0
15804.0,12612.0,24644.0,3708.0,5616.0,809.0
6040.0,1796.0,21300.0,-8945.0,25921.0,-14936.0
236.0,-616.0,15872.0,-6122.0,32767.0,-19441.0
-12620.0,-4288.0,5808.0,-1786.0,27537.0,-21521.0
-13812.0,-7960.0,7984.0,-17325.0,11260.0,-8379.0
-19676.0,-11972.0,4884.0,-5464.0,-1196.0,-87.0
-16568.0,-11520.0,9168.0,-4444.0,-15176.0,10070.0
-10536.0,-8208.0,13340.0,2651.0,-32768.0,16237.0
-5544.0,-4948.0,12056.0,9923.0,-31766.0,12583.0
-72.0,-1628.0,20284.0,14647.0,-20063.0,9197.0
8076.0,5056.0,19724.0,10124.0,-17518.0,12065.0
12980.0,9560.0,19388.0,-4190.0,12930.0,-8197.0
2164.0,1160.0,19180.0,-5169.0,23561.0,-21921.0
392.0,-884.0,14132.0,-6926.0,31394.0,-23837.0
-10500.0,-7068.0,9200.0,-2276.0,32767.0,-26669.0
-19340.0,-12740.0,5304.0,-4292.0,7679.0,-12014.0
-18600.0,-15724.0,11476.0,-1138.0,-2596.0,3787.0
-17480.0,-9828.0,6900.0,4313.0,-23206.0,11403.0
-6492.0,-5544.0,14120.0,4013.0,-27706.0,16066.0
-3676.0,-5304.0,15436.0,4571.0,-32768.0,22540.0
14884.0,3488.0,16620.0,19836.0,-32768.0,11707.0
11052.0,8772.0,19588.0,-1654.0,10553.0,1532.0
15440.0,7668.0,23748.0,-7002.0,13287.0,-7995.0
6024.0,252.0,17760.0,-14410.0,32767.0,-21211.0
-4916.0,-4740.0,10860.0,-5655.0,32767.0,-20765.0
-11520.0,-6832.0,8164.0,-3274.0,19151.0,-22878.0
-17156.0,-13704.0,6352.0,-11182.0,11329.0,-6158.0
-16392.0,-14244.0,9500.0,1052.0,-2032.0,2257.0
-19176.0,-12592.0,5304.0,2425.0,-23141.0,14512.0
-5140.0,-6992.0,17384.0,3531.0,-28866.0,17944.0
-4076.0,-4240.0,14384.0,13564.0,-32768.0,24477.0
15924.0,5576.0,20484.0,11355.0,-18570.0,14324.0
11260.0,9284.0,20012.0,903.0,2132.0,-657.0
14076.0,9108.0,19596.0,-10394.0,23302.0,-16390.0
3944.0,-2452.0,15192.0,-13304.0,32767.0,-24988.0
-9124.0,-5232.0,8960.0,-9013.0,32767.0,-23981.0
-17692.0,-12976.0,7728.0,-9197.0,10177.0,-12208.0
-16160.0,-13076.0,9712.0,-9528.0,4139.0,1310.0
-17684.0,-12904.0,8728.0,1823.0,-6913.0,8394.0
-13436.0,-9360.0,8724.0,3831.0,-32768.0,16187.0
-3368.0,-5056.0,13588.0,11724.0,-32768.0,17946.0
-548.0,-1264.0,15624.0,7075.0,-29160.0,20320.0
12588.0,8268.0,18984.0,9783.0,-16926.0,8676.0
17676.0,12992.0,22560.0,-6315.0,22960.0,-13158.0
5628.0,-452.0,18428.0,-11023.0,32767.0,-22995.0
-8176.0,-5912.0,8740.0,-2912.0,32767.0,-30889.0
-16632.0,-9664.0,5468.0,-5254.0,22573.0,-14365.0
-15708.0,-13084.0,11080.0,-11024.0,-1150.0,-1030.0
-16900.0,-12644.0,9180.0,-1161.0,-9648.0,7800.0
-13928.0,-9308.0,12040.0,544.0,-19225.0,11533.0
-7324.0,-7016.0,14752.0,6629.0,-32768.0,22148.0
1980.0,-1872.0,11208.0,14416.0,-32768.0,19976.0
4572.0,5040.0,18416.0,3288.0,-9041.0,8203.0
9656.0,3908.0,21464.0,5683.0,-13310.0,1420.0
14700.0,10064.0,18104.0,-12471.0,25019.0,-16205.0
2288.0,-4572.0,19576.0,-13416.0,32767.0,-22129.0
-7928.0,-5132.0,9496.0,-7686.0,30757.0,-22751.0
-13252.0,-10616.0,11628.0,-3506.0,21435.0,-16349.0
-17276.0,-14636.0,10420.0,-4430.0,2881.0,-826.0
-16560.0,-12964.0,8200.0,2364.0,-7591.0,8175.0
-14840.0,-10708.0,10472.0,2071.0,-30048.0,18880.0
-4472.0,-7408.0,16192.0,11606.0,-32768.0,27630.0
3308.0,3188.0,17360.0,11649.0,-20320.0,19350.0
11176.0,9692.0,22792.0,9615.0,-11621.0,8761.0
15180.0,12208.0,22224.0,-12722.0,23681.0,-16089.0
3392.0,800.0,16532.0,-11701.0,31119.0,-30825.0
-5340.0,-5520.0,9692.0,-8822.0,26841.0,-29762.0
-15644.0,-13604.0,6480.0,-8807.0,11820.0,-20652.0
-17100.0,-17396.0,9184.0,-9804.0,-5907.0,-1212.0
-13324.0,-16108.0,12468.0,1026.0,-12240.0,10931.0
-11792.0,-10532.0,13116.0,4879.0,-19125.0,18826.0
-5908.0,-6452.0,14812.0,9758.0,-32698.0,23803.0
5400.0,1200.0,14708.0,10655.0,-19663.0,17866.0
10028.0,10844.0,24340.0,1850.0,10868.0,4608.0
9156.0,7256.0,23348.0,-8005.0,16764.0,-10208.0
8232.0,4260.0,16728.0,-13074.0,32767.0,-27675.0
-10184.0,-10060.0,9444.0,-724.0,32767.0,-30703.0
-14952.0,-12088.0,4544.0,-5454.0,12395.0,-17195.0
-17180.0,-16436.0,7292.0,-5890.0,6882.0,-2055.0
-18136.0,-15200.0,5068.0,1105.0,-15479.0,15242.0
-9308.0,-9080.0,8432.0,3034.0,-25918.0,14714.0
-9652.0,-5016.0,15420.0,6228.0,-32326.0,19959.0
688.0,-4088.0,14216.0,11093.0,-32768.0,21144.0
8592.0,5736.0,22172.0,7983.0,-5746.0,7481.0
9608.0,8908.0,20192.0,3762.0,8531.0,-3775.0
12316.0,7548.0,16088.0,-12975.0,32767.0,-21637.0
-2824.0,-6040.0,14600.0,-5925.0,32767.0,-29802.0
-11956.0,-8060.0,7352.0,-1849.0,28604.0,-26261.0
-18904.0,-14616.0,7028.0,-6279.0,11222.0,-9797.0
-18316.0,-16824.0,8244.0,-6555.0,3417.0,11342.0
-18780.0,-10616.0,4576.0,565.0,-21760.0,14044.0
-11988.0,-8572.0,13396.0,542.0,-32768.0,21950.0
-2760.0,-2168.0,12236.0,8562.0,-32768.0,20318.0
5948.0,1328.0,21484.0,11696.0,-26740.0,16730.0
11304.0,10456.0,19208.0,6713.0,-2101.0,3464.0
12976.0,13040.0,18904.0,-17916.0,31660.0,-17266.0
84.0,-4624.0,17708.0,-1545.0,32767.0,-25473.0
-12260.0,-7080.0,7364.0,-2336.0,27971.0,-23131.0
-18880.0,-8732.0,3348.0,-69.0,2056.0,-10920.0
-16100.0,-12732.0,12600.0,-10446.0,1772.0,1744.0
-19076.0,-10836.0,10068.0,3258.0,-19318.0,8679.0
-11748.0,-6992.0,11732.0,427.0,-32768.0,22260.0
-2524.0,-5692.0,16500.0,5056.0,-32127.0,25392.0
10116.0,2492.0,17164.0,19255.0,-27312.0,16203.0
16000.0,15132.0,22488.0,-1261.0,11641.0,94.0
8500.0,5272.0,19132.0,-14331.0,18660.0,-20953.0
3472.0,-448.0,13972.0,-13474.0,32767.0,-32768.0
-10092.0,-9176.0,9760.0,-1127.0,32767.0,-31840.0
-21260.0,-15540.0,1220.0,-6709.0,8300.0,-13751.0
-15736.0,-17492.0,8424.0,-7895.0,-4295.0,6578.0
-14136.0,-13924.0,9444.0,2274.0,-15730.0,13371.0
-13220.0,-11316.0,12324.0,4500.0,-32768.0,27354.0
-176.0,-3728.0,13824.0,8362.0,-29800.0,29546.0
6996.0,5516.0,23516.0,12253.0,-15911.0,16559.0
8056.0,11156.0,20468.0,4688.0,-10653.0,6058.0
16828.0,12320.0,17376.0,-16611.0,32767.0,-20861.0
2628.0,-1284.0,15456.0,-8401.0,32767.0,-32768.0
-13568.0,-11596.0,5272.0,-6972.0,26707.0,-32768.0
-17172.0,-16148.0,5204.0,-5281.0,6378.0,-20996.0
-19136.0,-20644.0,7476.0,-5811.0,-2019.0,3241.0
-14844.0,-16084.0,5560.0,2852.0,-17487.0,11772.0
-10636.0,-13560.0,14688.0,6936.0,-31161.0,25521.0
-2360.0,-6064.0,12124.0,23100.0,-32768.0,32767.0
5608.0,4136.0,16360.0,9082.0,-7292.0,25208.0
12420.0,13512.0,26948.0,4689.0,4574.0,8169.0
10680.0,11424.0,17728.0,-3563.0,18962.0,-21139.0
1620.0,72.0,15260.0,-15486.0,26382.0,-32768.0
-7472.0,-7796.0,9572.0,-9372.0,21199.0,-32768.0
-14812.0,-17268.0,12108.0,-4460.0,7898.0,-25316.0
-19404.0,-21472.0,9976.0,-8243.0,5604.0,459.0
-14872.0,-18208.0,7936.0,3259.0,-18623.0,17923.0
-8656.0,-11276.0,16936.0,4803.0,-23833.0,27737.0
-3680.0,-5784.0,12840.0,20333.0,-32768.0,32767.0
7032.0,4820.0,14068.0,8447.0,-522.0,22499.0
6388.0,9112.0,23800.0,5679.0,-3112.0,7909.0
12832.0,15200.0,18196.0,-11492.0,14480.0,-16996.0
5324.0,-44.0,20184.0,-14804.0,25916.0,-32768.0
-9700.0,-9252.0,9052.0,-5568.0,28002.0,-32768.0
-15152.0,-14272.0,10096.0,-1670.0,18274.0,-19461.0
-16828.0,-16692.0,8400.0,-6159.0,4831.0,1234.0
-13964.0,-14312.0,10672.0,1115.0,-9028.0,14239.0
-14920.0,-10404.0,9288.0,1934.0,-31505.0,25536.0
-1692.0,-3636.0,17392.0,8481.0,-31187.0,26174.0
2072.0,2500.0,18416.0,5785.0,-25676.0,25687.0
15360.0,11196.0,22696.0,8596.0,-2658.0,7438.0
12456.0,11736.0,17800.0,-12765.0,29543.0,-19668.0
1888.0,-320.0,16880.0,-9726.0,30722.0,-32768.0
-3708.0,-9068.0,7708.0,-2751.0,27443.0,-32768.0
-15456.0,-15084.0,4948.0,-6063.0,14173.0,-25518.0
-18912.0,-22476.0,9216.0,-5449.0,4510.0,-2020.0
-14516.0,-18044.0,7796.0,3619.0,-21513.0,16438.0
-11904.0,-14160.0,14732.0,2849.0,-32768.0,31428.0
-340.0,-4720.0,15204.0,8173.0,-15227.0,32108.0
1684.0,1096.0,16084.0,16951.0,-29352.0,27040.0
10904.0,11204.0,17872.0,7232.0,-5409.0,16066.0
13432.0,12116.0,23212.0,-7144.0,15786.0,-10356.0
7428.0,5504.0,16456.0,-12157.0,21797.0,-27891.0
20.0,-3908.0,14500.0,-14442.0,29963.0,-32768.0
-7960.0,-10240.0,10584.0,-4813.0,25793.0,-30192.0
-17532.0,-17480.0,6020.0,-5674.0,12859.0,-14830.0
-15380.0,-17248.0,10204.0,-5347.0,1604.0,-666.0
-16988.0,-15260.0,8316.0,3219.0,-16768.0,15533.0
-7456.0,-10616.0,16176.0,6819.0,-29589.0,24129.0
-3752.0,-3060.0,14984.0,14841.0,-22053.0,23645.0
-868.0,1372.0,9816.0,12153.0,-24198.0,25486.0
10888.0,8904.0,27344.0,-1023.0,2434.0,13267.0
10068.0,11108.0,21300.0,-1152.0,9580.0,-9270.0
11176.0,6768.0,17932.0,-16423.0,32767.0,-32768.0
-8328.0,-8108.0,11188.0,-3659.0,25714.0,-32768.0
-15148.0,-13288.0,5932.0,-8104.0,15282.0,-23816.0
-18556.0,-19888.0,8548.0,-4993.0,-1731.0,-2071.0
-12708.0,-15588.0,6844.0,5320.0,-9133.0,13375.0
-13252.0,-10448.0,13292.0,3082.0,-19982.0,23021.0
-5160.0,-6616.0,13576.0,19547.0,-32768.0,30904.0
3572.0,5620.0,15192.0,6567.0,-10233.0,26408.0
11368.0,13504.0,29212.0,2166.0,-5744.0,11234.0
12484.0,12004.0,19536.0,-8786.0,20691.0,-22090.0
1776.0,-228.0,13216.0,-16277.0,32767.0,-32768.0
-6424.0,-8992.0,7592.0,-8445.0,22654.0,-32768.0
-18612.0,-20624.0,7520.0,-12942.0,3110.0,-15850.0
-16744.0,-21516.0,10152.0,-4666.0,-4045.0,7917.0
-16424.0,-18472.0,7620.0,9209.0,-25598.0,27053.0
-6600.0,-6948.0,12324.0,13848.0,-17389.0,24271.0
-4504.0,-772.0,13524.0,15478.0,-32768.0,30429.0
15324.0,12520.0,18004.0,10219.0,-13575.0,17275.0
11640.0,13256.0,22120.0,-7518.0,13695.0,-16993.0
15276.0,10164.0,11632.0,-26735.0,22442.0,-32768.0
-7876.0,-17028.0,12348.0,-19915.0,22381.0,-32768.0
-18920.0,-19364.0,4428.0,-5597.0,2558.0,-15543.0
-13784.0,-22464.0,13384.0,-7664.0,174.0,10819.0
-16896.0,-24916.0,10872.0,8673.0,-30228.0,29766.0
2080.0,-6784.0,8604.0,30452.0,-32768.0,28041.0
2396.0,2752.0,15328.0,13875.0,-30651.0,27883.0
14916.0,3376.0,21316.0,12111.0,-12062.0,17163.0
9940.0,11984.0,18268.0,320.0,10123.0,2051.0
13048.0,11424.0,16620.0,-13532.0,23344.0,-25310.0
4980.0,-2568.0,15584.0,-19572.0,28198.0,-32768.0
-5864.0,-9080.0,12420.0,-15151.0,32767.0,-31943.0
-18196.0,-17112.0,3248.0,-14893.0,8403.0,-7104.0
-11892.0,-17040.0,11784.0,-3458.0,-2757.0,3720.0
-14272.0,-13288.0,10984.0,8392.0,-12705.0,13399.0
-9664.0,-8824.0,11068.0,8514.0,-32448.0,26071.0
-64.0,-2876.0,16788.0,14433.0,-21369.0,19841.0
5900.0,7480.0,17576.0,13453.0,-21709.0,15719.0
12052.0,8920.0,18772.0,2923.0,-13940.0,5135.0
9396.0,6356.0,21228.0,-5444.0,10596.0,-11214.0
788.0,-144.0,22348.0,-16780.0,21554.0,3137.0
-5084.0,4.0,14528.0,-13427.0,27553.0,2332.0
-5496.0,652.0,15096.0,-13854.0,23166.0,8423.0
-11564.0,-4252.0,14840.0,-4631.0,22269.0,-2927.0
-17560.0,-4588.0,6204.0,-5210.0,17841.0,-3841.0
-19084.0,-7780.0,8832.0,-3981.0,-102.0,1869.0
-17020.0,-5864.0,9116.0,212.0,-17908.0,5271.0
-12572.0,-692.0,9476.0,6469.0,-20447.0,-6895.0
-8380.0,-3484.0,12880.0,1042.0,-30669.0,-4812.0
3048.0,-4344.0,21504.0,8070.0,-32768.0,125.0
4924.0,-740.0,18124.0,15557.0,-22565.0,-1608.0
8772.0,668.0,19816.0,3687.0,-2475.0,5647.0
15788.0,8728.0,22208.0,-3903.0,27102.0,-5625.0
1340.0,-2036.0,18664.0,-7253.0,32767.0,-10586.0
-9872.0,-3676.0,4292.0,2916.0,32767.0,-13567.0
-17372.0,-3384.0,556.0,-8131.0,24693.0,-3465.0
-21752.0,-6680.0,4468.0,527.0,-46.0,-1510.0
-19724.0,-4912.0,3492.0,-6283.0,-15606.0,843.0
-17560.0,-5928.0,7384.0,-5277.0,-32768.0,7271.0
-7956.0,-4832.0,12840.0,5806.0,-32768.0,5764.0
2388.0,-620.0,15896.0,2305.0,-32768.0,4851.0
10368.0,1436.0,22288.0,8135.0,-28412.0,-2052.0
13972.0,2112.0,18016.0,4565.0,-17588.0,986.0
19064.0,5920.0,20356.0,-11041.0,27953.0,-1737.0
6672.0,108.0,14628.0,-8023.0,32767.0,-10199.0
-1500.0,-5168.0,14676.0,-8524.0,32767.0,-8463.0
-18904.0,-3516.0,-168.0,-8505.0,32767.0,-5848.0
-17296.0,-5932.0,6660.0,-5608.0,16676.0,198.0
-17380.0,-2720.0,1736.0,-3815.0,5077.0,1903.0
-19320.0,-5628.0,3000.0,-329.0,-8261.0,-2127.0
-18596.0,-9180.0,8468.0,-2228.0,-32768.0,4441.0
-9224.0,-3804.0,8184.0,18157.0,-32768.0,13835.0
5388.0,912.0,15516.0,3510.0,-32768.0,11579.0
9916.0,3860.0,18944.0,16601.0,-32768.0,445.0
15964.0,6392.0,18276.0,-269.0,-2848.0,2581.0
18116.0,4960.0,21572.0,-3587.0,26764.0,-7465.0
8576.0,2880.0,16328.0,-10809.0,32767.0,-15389.0
-5904.0,-2540.0,8092.0,-10049.0,32767.0,-18588.0
-17788.0,-4328.0,-3216.0,-11844.0,28931.0,-12372.0
-19024.0,-8600.0,7564.0,-8770.0,19212.0,-532.0
-18628.0,-4932.0,1792.0,-2350.0,11527.0,-835.0
-21452.0,-6196.0,1832.0,-2476.0,-17362.0,3141.0
-16948.0,-5952.0,5752.0,-309.0,-32768.0,9864.0
-5284.0,-2016.0,8004.0,17787.0,-32768.0,7121.0
6912.0,3572.0,15244.0,8337.0,-32768.0,1305.0
10872.0,1976.0,23348.0,6338.0,-22188.0,-834.0
18960.0,6280.0,22420.0,-2850.0,11784.0,7879.0
13272.0,4568.0,19352.0,-10419.0,32767.0,-2901.0
808.0,92.0,13892.0,6053.0,32767.0,-19187.0
-14380.0,-2248.0,1024.0,-8088.0,32767.0,-13823.0
-18860.0,-4256.0,1852.0,-11419.0,28731.0,-5509.0
-21808.0,-6176.0,-1724.0,-3771.0,-2277.0,-557.0
-19576.0,-5872.0,2084.0,-2223.0,-31591.0,4142.0
-16416.0,-5376.0,7048.0,-1626.0,-32768.0,15851.0
-7472.0,-2376.0,9588.0,10985.0,-32768.0,14619.0
7428.0,3880.0,18560.0,9272.0,-32768.0,8943.0
12996.0,6772.0,20652.0,1490.0,-21770.0,836.0
14128.0,3688.0,21364.0,-3627.0,4651.0,3156.0
15124.0,5956.0,20444.0,-9126.0,32767.0,-8577.0
3232.0,584.0,14028.0,-3532.0,32767.0,-15914.0
-12772.0,-6740.0,5984.0,-110.0,32767.0,-18456.0
-17576.0,-1264.0,-3340.0,-13934.0,15433.0,-4636.0
-21732.0,-5748.0,2964.0,-5308.0,2002.0,1783.0
-19640.0,-4108.0,-2576.0,-2421.0,-7057.0,-1197.0
-21164.0,-7424.0,1288.0,1081.0,-32768.0,3615.0
-7648.0,-3380.0,3864.0,14711.0,-32768.0,10617.0
572.0,1276.0,14260.0,5384.0,-32768.0,12311.0
14604.0,6964.0,20828.0,14906.0,-32768.0,3216.0
18576.0,7796.0,21832.0,364.0,-929.0,-2124.0
20636.0,7464.0,25464.0,-18036.0,32767.0,-6018.0
3220.0,-1952.0,15276.0,-7206.0,32767.0,-17466.0
-9268.0,-2348.0,716.0,-3068.0,32767.0,-18829.0
-18768.0,-6012.0,-2716.0,-12703.0,25170.0,-9535.0
-24880.0,-9900.0,-1060.0,-4634.0,8655.0,2365.0
-20384.0,-5224.0,-7124.0,-2142.0,-26055.0,6814.0
-19016.0,-7756.0,1744.0,-85.0,-32768.0,16179.0
-2064.0,164.0,3836.0,9326.0,-32768.0,15676.0
8036.0,3172.0,21240.0,13514.0,-32768.0,9868.0
15580.0,8032.0,21432.0,2113.0,-15899.0,5097.0
19768.0,9372.0,28892.0,-15046.0,32767.0,-5294.0
7980.0,2972.0,15056.0,-4430.0,32767.0,-21866.0
-2004.0,-1888.0,6556.0,-13345.0,32767.0,-29852.0
-19076.0,-9336.0,-6764.0,-1801.0,32516.0,-22802.0
-23960.0,-15464.0,-48.0,-18283.0,12498.0,-5227.0
-23744.0,-13344.0,-5248.0,-42.0,-26375.0,9471.0
-18764.0,-13064.0,7200.0,6974.0,-32768.0,25782.0
-3816.0,-272.0,4552.0,18221.0,-32768.0,28922.0
10600.0,5284.0,18372.0,15867.0,-32768.0,20275.0
28340.0,20860.0,27600.0,-1625.0,13791.0,-8879.0
11060.0,4752.0,16072.0,-19376.0,32767.0,-31553.0
496.0,-4420.0,8804.0,-4213.0,32767.0,-32768.0
-13204.0,-11816.0,2440.0,-855.0,32766.0,-32768.0
-16208.0,-12104.0,2160.0,-15320.0,9184.0,-9615.0
-22752.0,-16620.0,5876.0,-2039.0,-2793.0,3218.0
-21384.0,-12832.0,1956.0,5443.0,-23407.0,16094.0
-15724.0,-10328.0,3424.0,15380.0,-32768.0,26174.0
756.0,1228.0,7772.0,16403.0,-32768.0,27777.0
8272.0,7648.0,13860.0,11213.0,-32768.0,12192.0
17236.0,10864.0,24588.0,-4801.0,-1144.0,1087.0
17868.0,10124.0,20592.0,-18434.0,32767.0,-11077.0
2968.0,-1016.0,14560.0,-11992.0,32767.0,-23099.0
-9316.0,-3448.0,10368.0,-5637.0,32767.0,-21718.0
-15012.0,-5236.0,744.0,-11747.0,19992.0,-11171.0
-17832.0,-8908.0,3352.0,-11118.0,15382.0,-4450.0
-23632.0,-11600.0,-848.0,461.0,-5575.0,1873.0
-20204.0,-10628.0,3340.0,2953.0,-30659.0,5205.0
-16252.0,-8392.0,5104.0,16038.0,-32768.0,22361.0
-3972.0,-1180.0,5948.0,15700.0,-32768.0,25909.0
11572.0,8336.0,18728.0,5784.0,-32768.0,17009.0
21096.0,12416.0,26556.0,902.0,823.0,-1554.0
12752.0,5428.0,17744.0,-16344.0,32767.0,-16913.0
1520.0,224.0,14188.0,-3533.0,32767.0,-25330.0
-9072.0,-1924.0,-384.0,-6233.0,32767.0,-26541.0
-21224.0,-12416.0,-2408.0,-12891.0,15874.0,-10209.0
-22692.0,-12628.0,-1328.0,-6283.0,-3973.0,2503.0
-22960.0,-9664.0,-920.0,-3279.0,-32768.0,10736.0
-14780.0,-6164.0,11664.0,4873.0,-32768.0,17281.0
-7856.0,-360.0,9936.0,16336.0,-32768.0,14920.0
4084.0,2148.0,13508.0,5849.0,-32768.0,15435.0
16740.0,7888.0,20744.0,11727.0,-21393.0,1468.0
17236.0,9760.0,18804.0,-7347.0,15682.0,-1681.0
9528.0,1744.0,15920.0,-22342.0,32767.0,-18142.0
-3536.0,-3980.0,10952.0,1596.0,32767.0,-24501.0
-16188.0,-4504.0,-340.0,-5103.0,32767.0,-17762.0
-20540.0,-8884.0,2748.0,-14352.0,18300.0,-5458.0
-24016.0,-10188.0,-328.0,1297.0,-10352.0,5442.0
-19984.0,-7304.0,400.0,-2403.0,-32768.0,11463.0
-8952.0,-6396.0,9720.0,6072.0,-32768.0,14631.0
1960.0,872.0,14964.0,17167.0,-32768.0,13261.0
10756.0,7184.0,18704.0,16540.0,-27278.0,903.0
13376.0,6756.0,22112.0,-3250.0,11625.0,3081.0
10116.0,5336.0,19968.0,-16156.0,32767.0,-11414.0
1456.0,2340.0,9044.0,-5126.0,32767.0,-22587.0
-14788.0,-5360.0,-3584.0,77.0,32767.0,-21020.0
-22176.0,-8592.0,-2264.0,-13656.0,8939.0,-4355.0
-25056.0,-8828.0,-1952.0,-455.0,-30858.0,12061.0
-16944.0,-3776.0,7132.0,1452.0,-32768.0,17892.0
-9092.0,2232.0,8516.0,4341.0,-32768.0,17703.0
1052.0,1356.0,14872.0,1152.0,-32768.0,6695.0
6652.0,5416.0,20052.0,10030.0,-27270.0,-2153.0
11088.0,3300.0,20392.0,-5865.0,-7614.0,2432.0
19292.0,7880.0,21972.0,-7360.0,32767.0,-12931.0
-920.0,-2916.0,14332.0,-894.0,32767.0,-22380.0
-8588.0,-1640.0,880.0,5109.0,32767.0,-23251.0
-19992.0,-6800.0,-3552.0,-4275.0,15522.0,-10798.0
-19572.0,-6352.0,1668.0,-9569.0,14918.0,-758.0
-22568.0,-6400.0,-4180.0,-727.0,-21365.0,2839.0
-19320.0,-6188.0,6896.0,-5992.0,-32768.0,8057.0
-12948.0,-4780.0,7504.0,6095.0,-32768.0,12649.0
-2128.0,-136.0,10856.0,2915.0,-32768.0,13050.0
6732.0,1132.0,21332.0,8052.0,-32768.0,10073.0
19580.0,8064.0,21420.0,3421.0,-328.0,3066.0
14928.0,5072.0,25484.0,-13266.0,32767.0,-10994.0
2580.0,1388.0,9688.0,2198.0,32767.0,-21961.0
-14148.0,-4184.0,1120.0,6368.0,32767.0,-22126.0
-17924.0,-5244.0,-1888.0,-11551.0,12654.0,-2200.0
-20808.0,-7916.0,-2816.0,-2251.0,-4027.0,-2100.0
-20740.0,-7384.0,-864.0,-4787.0,-28033.0,1511.0
-18148.0,-7452.0,6640.0,1499.0,-32768.0,17762.0
-4756.0,340.0,9256.0,1322.0,-32768.0,21359.0
5540.0,-2132.0,21920.0,10545.0,-32768.0,14389.0
14420.0,10076.0,18260.0,3918.0,-4861.0,629.0
11424.0,5316.0,23476.0,-5994.0,15100.0,-2151.0
4964.0,3336.0,16948.0,-11799.0,32767.0,-16559.0
-4044.0,-1228.0,8604.0,-4499.0,32767.0,-20456.0
-15816.0,-2156.0,-8984.0,-12518.0,32767.0,-17292.0
-20864.0,-9608.0,3096.0,-4300.0,16057.0,-5098.0
-21516.0,-6340.0,-2616.0,513.0,-12960.0,4834.0
-20332.0,-5792.0,1540.0,3814.0,-32768.0,7602.0
-15892.0,-4836.0,5200.0,2781.0,-32768.0,16719.0
-2536.0,468.0,13092.0,9646.0,-32768.0,15824.0
3716.0,3288.0,17768.0,8488.0,-32768.0,11016.0
12880.0,5148.0,25332.0,1152.0,-1973.0,-218.0
15464.0,8940.0,19500.0,-5381.0,32767.0,-16818.0
48.0,-2988.0,17656.0,-2861.0,32767.0,-23939.0
-10840.0,-12.0,-384.0,4738.0,32767.0,-23229.0
-15728.0,-4592.0,660.0,-13049.0,30426.0,-17279.0
-21932.0,-10000.0,-3176.0,-4265.0,9014.0,-2964.0
-23004.0,-8960.0,-2156.0,-5055.0,-10654.0,2180.0
-19660.0,-6344.0,1440.0,-2111.0,-32768.0,9678.0
-15280.0,-5004.0,8076.0,6340.0,-32768.0,13124.0
2224.0,3436.0,7764.0,5407.0,-32768.0,6820.0
4848.0,416.0,22188.0,1607.0,-32768.0,1995.0
4172.0,844.0,13988.0,13559.0,-32768.0,-7020.0
15704.0,3468.0,16588.0,-7679.0,-2677.0,2687.0
22712.0,1072.0,26268.0,-8699.0,18378.0,979.0
12184.0,2168.0,15548.0,-8497.0,32767.0,-6036.0
2412.0,-1500.0,14632.0,-4071.0,32767.0,-5805.0
-6936.0,-940.0,6260.0,-6634.0,32767.0,-5281.0
-15804.0,-680.0,2224.0,648.0,32767.0,-2060.0
-18348.0,-3104.0,1036.0,-3368.0,23510.0,-1175.0
-19764.0,-2096.0,-5772.0,-5190.0,3789.0,-1267.0
-23072.0,-5412.0,-1640.0,-8484.0,-23551.0,952.0
-19872.0,-5344.0,4188.0,-2844.0,-32768.0,1765.0
-9248.0,-1024.0,7368.0,10118.0,-32768.0,-1232.0
-752.0,-176.0,17496.0,886.0,-32768.0,3419.0
6180.0,412.0,14600.0,13629.0,-32768.0,-8712.0
10008.0,2596.0,13064.0,-4303.0,-21381.0,-5574.0
16544.0,1112.0,16628.0,4806.0,-9421.0,-2510.0
25508.0,5520.0,21156.0,-4967.0,15021.0,3249.0
13796.0,-1172.0,15552.0,-5130.0,31619.0,-3668.0
2284.0,1104.0,14588.0,-2122.0,14324.0,6248.0
-4068.0,848.0,14456.0,-3753.0,32767.0,1571.0
-5800.0,-3344.0,23648.0,-6383.0,24661.0,11582.0
-10300.0,4292.0,11676.0,-431.0,14095.0,710.0
-12048.0,-1100.0,18896.0,-4872.0,7627.0,1936.0
-12424.0,224.0,11952.0,-2165.0,-11344.0,-1649.0
-7768.0,-1940.0,14996.0,-3368.0,-28140.0,-2639.0
4544.0,-1296.0,20660.0,2238.0,-32768.0,-4488.0
10304.0,480.0,20388.0,3790.0,-8333.0,-3241.0
9388.0,-100.0,21228.0,-668.0,11941.0,-2424.0
3056.0,-356.0,19832.0,3727.0,16308.0,-108.0
-6572.0,2268.0,13020.0,-4067.0,14312.0,2332.0
-11252.0,-1328.0,18316.0,-90.0,2606.0,2807.0
-9272.0,1044.0,15284.0,-3398.0,-205.0,1785.0
-6012.0,564.0,18068.0,-3463.0,-5784.0,-725.0
-2864.0,652.0,16840.0,-4515.0,-12244.0,-2472.0
4216.0,-1236.0,19316.0,-3971.0,-7862.0,-4564.0
7044.0,-1472.0,22404.0,-2181.0,4063.0,77.0
2692.0,44.0,19204.0,2329.0,2935.0,75.0
-2708.0,-872.0,19216.0,1472.0,4487.0,1726.0
-7116.0,84.0,18116.0,-2719.0,8593.0,1563.0
-7856.0,-376.0,17644.0,434.0,-131.0,-1432.0
-5008.0,-116.0,17544.0,-3868.0,-4709.0,411.0
-524.0,-544.0,19612.0,-1322.0,-8527.0,-2261.0
3276.0,-2012.0,20036.0,221.0,-5711.0,-1353.0
9472.0,348.0,24792.0,1260.0,8335.0,1074.0
5416.0,32.0,22616.0,3535.0,25028.0,-1437.0
-2136.0,1444.0,15032.0,2871.0,32767.0,-1988.0
-11524.0,3012.0,5784.0,823.0,32767.0,-4944.0
-19068.0,-288.0,3560.0,-5102.0,18847.0,-6843.0
-21444.0,-3004.0,5528.0,-1039.0,-135.0,-4886.0
-21000.0,-3884.0,5992.0,-1215.0,-20360.0,-3512.0
-13796.0,-4672.0,11568.0,2020.0,-32768.0,-33.0
-7604.0,-796.0,13448.0,6182.0,-32768.0,4489.0
-1384.0,936.0,13012.0,9180.0,-32768.0,987.0
7120.0,948.0,18156.0,1243.0,-32768.0,3521.0
14604.0,4544.0,20732.0,9306.0,-24651.0,-3660.0
15944.0,4588.0,16196.0,4414.0,-12555.0,-3662.0
19096.0,5184.0,19332.0,-4211.0,27138.0,1966.0
8436.0,3204.0,15796.0,-11481.0,32767.0,3978.0
-896.0,860.0,16036.0,-12065.0,32767.0,5928.0
-8684.0,3148.0,6700.0,-5055.0,32767.0,540.0
-18468.0,1576.0,724.0,-3742.0,32767.0,-3830.0
-17752.0,-56.0,3548.0,-5835.0,13751.0,-4213.0
-21580.0,-2344.0,-1072.0,-5188.0,1747.0,-6644.0
-22080.0,-6088.0,1368.0,570.0,-27184.0,-3446.0
-17520.0,-3128.0,3112.0,2971.0,-32768.0,3957.0
-9160.0,-764.0,8528.0,10294.0,-32768.0,6145.0
1776.0,956.0,16452.0,14487.0,-32768.0,2001.0
10260.0,7052.0,14508.0,330.0,-31755.0,2041.0
13208.0,2936.0,19260.0,693.0,-12410.0,-2624.0
18228.0,4372.0,20148.0,-2709.0,8368.0,-696.0
14316.0,4856.0,19824.0,-11602.0,32767.0,-4472.0
1668.0,560.0,15028.0,-13823.0,32767.0,-5546.0
-11024.0,-1252.0,3816.0,-6038.0,32767.0,-9665.0
-17544.0,-1988.0,892.0,-11821.0,32767.0,-4514.0
-19224.0,-3588.0,-768.0,-6265.0,14232.0,-1089.0
-19672.0,-3676.0,-2540.0,-1882.0,-854.0,-5232.0
-20912.0,-5656.0,-3872.0,-1246.0,-17907.0,-3298.0
-18660.0,-7028.0,5792.0,913.0,-32768.0,5654.0
-10356.0,-1684.0,4532.0,22504.0,-32768.0,1945.0
3128.0,548.0,15300.0,1738.0,-32768.0,10303.0
11724.0,6268.0,14020.0,9940.0,-32768.0,-1549.0
14328.0,4332.0,17432.0,-1690.0,-10944.0,-4071.0
20368.0,-128.0,25656.0,-6830.0,13609.0,1589.0
12672.0,2956.0,17272.0,-8973.0,32767.0,-4218.0
1616.0,-2336.0,17448.0,-9971.0,32767.0,-4394.0
-10208.0,-548.0,2308.0,-3783.0,32767.0,-6131.0
-21064.0,-3876.0,-3808.0,-2953.0,32767.0,-3076.0
-20572.0,-4232.0,-5492.0,-8988.0,5955.0,-1303.0
-21648.0,-5276.0,-4088.0,-485.0,-19726.0,-852.0
-17940.0,-5320.0,3292.0,-5864.0,-32768.0,2164.0
-11568.0,-4136.0,7716.0,14007.0,-32768.0,2057.0
-976.0,88.0,14152.0,5580.0,-32768.0,10652.0
11296.0,2352.0,17408.0,11200.0,-32768.0,2090.0
16924.0,3480.0,25832.0,-3676.0,6485.0,-2242.0
18880.0,5044.0,25200.0,-12681.0,27401.0,571.0
5920.0,-520.0,14392.0,-7752.0,32767.0,-13877.0
-5808.0,-2944.0,6168.0,-7338.0,32767.0,-16558.0
-20020.0,-6544.0,-2048.0,-11358.0,31218.0,-8146.0
-16224.0,-7900.0,7160.0,-13853.0,13498.0,4665.0
-20516.0,-5208.0,-1012.0,2540.0,-4164.0,4731.0
-20680.0,-7896.0,1844.0,-4237.0,-24569.0,5250.0
-16328.0,-7256.0,4612.0,13427.0,-32768.0,9731.0
-4560.0,-648.0,8712.0,6416.0,-32768.0,15670.0
6972.0,424.0,20068.0,14775.0,-32768.0,11361.0
20000.0,10660.0,17676.0,-1050.0,903.0,2009.0
15668.0,3572.0,26688.0,-5468.0,27776.0,-14538.0
3680.0,-532.0,15588.0,-10613.0,32767.0,-24144.0
-7688.0,-3848.0,6636.0,-13888.0,32767.0,-22770.0
-20880.0,-8876.0,-8312.0,-14657.0,28372.0,-11037.0
-22288.0,-13240.0,-524.0,-4345.0,9655.0,234.0
-21696.0,-9348.0,-4456.0,-596.0,-13005.0,7906.0
-22556.0,-9436.0,-1388.0,4785.0,-32768.0,10415.0
-9604.0,-2420.0,7012.0,14696.0,-32768.0,12434.0
1756.0,4012.0,12312.0,11904.0,-32768.0,4706.0
6080.0,1292.0,21532.0,233.0,-32768.0,7590.0
17152.0,4492.0,18296.0,8571.0,-19438.0,-2775.0
20872.0,7668.0,24668.0,-18883.0,32767.0,-6042.0
5600.0,-2176.0,16664.0,-6265.0,32767.0,-15622.0
-7088.0,-1256.0,6108.0,-5690.0,32767.0,-18607.0
-17868.0,-6148.0,76.0,-18169.0,30235.0,-4387.0
-17240.0,-6892.0,4532.0,-10531.0,18676.0,-1627.0
-21528.0,-7788.0,-688.0,-289.0,2653.0,-118.0
-21344.0,-8156.0,-1544.0,-94.0,-26853.0,1523.0
-16016.0,-8552.0,5416.0,3236.0,-32768.0,9751.0
-10780.0,-5612.0,4612.0,20130.0,-32768.0,12941.0
11468.0,1528.0,20320.0,-3245.0,-19474.0,17870.0
13312.0,8052.0,21212.0,11905.0,-15979.0,4416.0
18532.0,6280.0,22772.0,-4755.0,2643.0,3165.0
9296.0,896.0,19428.0,-7611.0,32767.0,-10050.0
-3384.0,744.0,7916.0,-14004.0,32767.0,-8449.0
-13400.0,-5336.0,10940.0,-5835.0,32767.0,-4504.0
-21780.0,-4564.0,-2784.0,-3713.0,32767.0,-4397.0
-18864.0,-2048.0,-1788.0,-3535.0,24475.0,974.0
-23220.0,-4808.0,-5740.0,-3125.0,-10065.0,2078.0
-19904.0,-5296.0,-1944.0,-1439.0,-32768.0,2340.0
-12200.0,-1012.0,7824.0,8179.0,-32768.0,7625.0
-5600.0,-120.0,9948.0,3550.0,-32768.0,9815.0
4284.0,-728.0,21228.0,8805.0,-32768.0,3761.0
14460.0,4636.0,24608.0,4934.0,-4087.0,472.0
16120.0,6064.0,21472.0,-13886.0,32767.0,-11127.0
-1092.0,-3696.0,10232.0,-6262.0,32767.0,-17816.0
-12572.0,432.0,-6724.0,-15291.0,32767.0,-9321.0
-19332.0,-6476.0,-3160.0,-6455.0,23764.0,-3446.0
-23172.0,-7660.0,-8208.0,1091.0,658.0,287.0
-19148.0,-4972.0,-6788.0,-112.0,-19850.0,1132.0
-18580.0,-4772.0,3624.0,2678.0,-32768.0,9586.0
-13996.0,-476.0,2556.0,11786.0,-32768.0,13598.0
-1412.0,-360.0,10408.0,2564.0,-32768.0,14989.0
10132.0,2200.0,21444.0,12612.0,-32768.0,6885.0
16252.0,7940.0,19104.0,1752.0,-3486.0,1434.0
20572.0,4960.0,18724.0,-13461.0,32767.0,-19767.0
-2520.0,-2028.0,8308.0,-4591.0,32767.0,-27478.0
-20008.0,-3360.0,-8316.0,-16093.0,32767.0,-15229.0
-20268.0,-6172.0,720.0,-12264.0,17694.0,-4602.0
-21988.0,-5512.0,-3996.0,-2758.0,-199.0,577.0
-21804.0,-5532.0,-3744.0,-626.0,-17676.0,-183.0
-19668.0,-6624.0,3172.0,686.0,-32768.0,7261.0
-12712.0,-2044.0,4248.0,15896.0,-32768.0,8355.0
1668.0,240.0,15644.0,4379.0,-32768.0,10757.0
7820.0,4220.0,14160.0,7835.0,-32707.0,2575.0
14264.0,2144.0,20640.0,471.0,-5669.0,-3474.0
21448.0,8272.0,22196.0,-17088.0,32767.0,-8115.0
3480.0,-3684.0,19168.0,-9515.0,32767.0,-14620.0
-7640.0,-1848.0,5040.0,-9760.0,32767.0,-9489.0
-19400.0,-4400.0,-6880.0,-9560.0,28781.0,-4617.0
-21760.0,-8096.0,-4084.0,-4642.0,15958.0,-1999.0
-19100.0,-4588.0,-6316.0,1005.0,-3483.0,-4919.0
-20548.0,-8580.0,-4368.0,-6121.0,-24804.0,-1545.0
-15864.0,-7032.0,3076.0,7470.0,-32768.0,7318.0
-5788.0,-4256.0,8624.0,15711.0,-32768.0,6625.0
9228.0,3152.0,19860.0,5762.0,-24772.0,1763.0
10080.0,3172.0,18920.0,12509.0,-30456.0,-5803.0
17016.0,412.0,23372.0,2207.0,-10579.0,2808.0
15900.0,6680.0,20284.0,-9846.0,32767.0,310.0
1660.0,-496.0,14792.0,-7912.0,32767.0,-8291.0
-14156.0,-852.0,-648.0,-7938.0,32767.0,-11145.0
-17380.0,-2420.0,-2108.0,-9655.0,28014.0,-3768.0
-21460.0,-6556.0,-8468.0,-2837.0,15032.0,-7967.0
-21084.0,-8200.0,-9940.0,-3666.0,-15906.0,-1784.0
-18080.0,-7336.0,-1200.0,-60.0,-32768.0,5782.0
-11668.0,-384.0,3704.0,10362.0,-32768.0,7460.0
-6088.0,-3168.0,10336.0,13459.0,-32768.0,4736.0
10548.0,2648.0,14576.0,10321.0,-32768.0,4259.0
21204.0,2740.0,22156.0,6138.0,-9033.0,6527.0
19228.0,6444.0,18016.0,-15178.0,32767.0,-4915.0
4648.0,-3680.0,19596.0,-9591.0,32767.0,-6099.0
-4360.0,2124.0,2112.0,-13919.0,32767.0,-10163.0
-21856.0,-5688.0,-8036.0,-14239.0,32767.0,-8111.0
-23832.0,-8432.0,-6072.0,-1162.0,8945.0,4170.0
-19344.0,-3048.0,-7048.0,1666.0,-10934.0,2788.0
-20152.0,-6796.0,-492.0,-1208.0,-32342.0,6600.0
-14352.0,-2548.0,2656.0,10892.0,-32768.0,13147.0
-3264.0,2252.0,7472.0,9214.0,-32768.0,10026.0
6860.0,3968.0,12684.0,7384.0,-32768.0,337.0
14540.0,2352.0,26564.0,-4622.0,5421.0,-1278.0
17708.0,4064.0,26752.0,-5418.0,13562.0,-6790.0
8708.0,1440.0,17244.0,-11277.0,32767.0,-15094.0
-2572.0,-2472.0,10448.0,-8599.0,32767.0,-16099.0
-16836.0,-5452.0,-2972.0,-13508.0,32767.0,-15624.0
-22940.0,-8800.0,-2168.0,-3853.0,9107.0,-4562.0
-21108.0,-7336.0,-3308.0,-3561.0,-6049.0,1475.0
-20116.0,-8976.0,1832.0,4636.0,-32768.0,3653.0
-13224.0,-3740.0,7960.0,6969.0,-32768.0,10092.0
-8556.0,-5280.0,14836.0,11322.0,-32768.0,8177.0
3760.0,1808.0,12584.0,15264.0,-32768.0,8109.0
13296.0,3456.0,19548.0,9396.0,-20895.0,4024.0
21068.0,8444.0,16988.0,-8283.0,6701.0,3105.0
12592.0,3128.0,18712.0,-13115.0,24250.0,-18026.0
1148.0,-2548.0,12712.0,-18834.0,32767.0,-7306.0
-10148.0,-5484.0,6108.0,-19823.0,32767.0,-9911.0
-24156.0,-6672.0,-10252.0,-11895.0,26055.0,-6056.0
-22272.0,-12360.0,4024.0,-9623.0,11844.0,4667.0
-24236.0,-8908.0,-4456.0,6377.0,-12796.0,3424.0
-18860.0,-9708.0,3860.0,5964.0,-32768.0,11788.0
-12136.0,-3084.0,4736.0,16554.0,-32768.0,16120.0
3676.0,-588.0,17012.0,19983.0,-32768.0,14871.0
11276.0,11004.0,14260.0,12361.0,-24348.0,8628.0
19720.0,6348.0,21412.0,-12413.0,13511.0,825.0
13212.0,7188.0,17832.0,-9391.0,32767.0,-29309.0
1336.0,-3552.0,12040.0,-19429.0,32767.0,-30184.0
-8960.0,-6712.0,1908.0,-15321.0,32767.0,-28448.0
-20748.0,-15720.0,-224.0,-8367.0,16417.0,-14822.0
-21916.0,-16080.0,3296.0,2767.0,4574.0,-1627.0
-22428.0,-14952.0,-592.0,-3028.0,-7280.0,10479.0
-19016.0,-12672.0,2304.0,5011.0,-27023.0,15731.0
-13968.0,-6168.0,2232.0,12798.0,-32768.0,18170.0
-148.0,188.0,10600.0,15816.0,-32768.0,16963.0
10400.0,4072.0,19556.0,6876.0,-32768.0,12563.0
21560.0,7464.0,26524.0,-9356.0,12504.0,6177.0
9028.0,3372.0,16924.0,-12112.0,32767.0,-14347.0
568.0,-4572.0,16428.0,-11754.0,32767.0,-13911.0
-5964.0,-3464.0,10896.0,-14065.0,32767.0,-9504.0
-17832.0,-7816.0,-2472.0,-4708.0,32767.0,-7298.0
-21540.0,-8168.0,-3448.0,-5924.0,14354.0,735.0
-21820.0,-8416.0,-2700.0,-4156.0,-8055.0,5976.0
-20696.0,-7860.0,-3292.0,2938.0,-32768.0,2698.0
-17268.0,-6324.0,3436.0,4813.0,-32768.0,6669.0
-2308.0,-2964.0,13032.0,16567.0,-32768.0,6707.0
1104.0,-168.0,16440.0,7482.0,-26545.0,11818.0
11596.0,4492.0,20544.0,5747.0,-12742.0,4837.0
14584.0,4756.0,19800.0,-4990.0,32767.0,-11023.0
2256.0,300.0,16144.0,-12677.0,32767.0,-18750.0
-9040.0,-2224.0,3408.0,-12348.0,32767.0,-12026.0
-16500.0,-6780.0,-5088.0,-14267.0,30577.0,-12374.0
-19500.0,-10252.0,-5712.0,-8681.0,17600.0,-1960.0
-20868.0,-10296.0,-8952.0,472.0,1271.0,536.0
-20036.0,-9376.0,-3744.0,-9328.0,-22959.0,4168.0
-18936.0,-11108.0,5132.0,12036.0,-32768.0,13737.0
-9908.0,1716.0,640.0,8934.0,-32768.0,18216.0
-4808.0,324.0,8492.0,10373.0,-32768.0,5987.0
7736.0,2268.0,18880.0,23.0,-32768.0,3179.0
16824.0,2888.0,26136.0,-6863.0,3384.0,-3408.0
9392.0,72.0,19684.0,-9751.0,32767.0,-6724.0
1000.0,-2508.0,13992.0,-3623.0,32767.0,-16859.0
-8292.0,-1896.0,6792.0,-12524.0,32767.0,-10677.0
-20360.0,-7676.0,-6552.0,-6556.0,31976.0,-10005.0
-22516.0,-10736.0,-2480.0,-4710.0,6413.0,-1364.0
-21300.0,-7996.0,-6748.0,-753.0,-11277.0,1332.0
-20876.0,-10520.0,-1044.0,-2016.0,-32768.0,6844.0
-9532.0,-2448.0,-304.0,9347.0,-32768.0,9667.0
-1300.0,-2948.0,16644.0,8086.0,-32768.0,5704.0
5536.0,532.0,18176.0,12405.0,-32768.0,3767.0
17292.0,5496.0,28028.0,-3070.0,11424.0,912.0
8788.0,2564.0,21356.0,-8337.0,32767.0,-11759.0
1596.0,-1240.0,15220.0,-12197.0,32767.0,-19126.0
-9568.0,-4404.0,3956.0,-7908.0,32767.0,-16676.0
-21148.0,-11368.0,-3644.0,-10195.0,17921.0,-10552.0
-23140.0,-14312.0,-424.0,-6067.0,4698.0,3808.0
-20156.0,-10248.0,-2164.0,1061.0,-8808.0,6406.0
-18236.0,-11496.0,4368.0,3385.0,-24770.0,13327.0
-11516.0,-1940.0,992.0,8750.0,-32768.0,16968.0
-3912.0,-2516.0,10772.0,10450.0,-32768.0,13913.0
9248.0,3452.0,18248.0,7011.0,-32768.0,14654.0
15496.0,5736.0,21936.0,1751.0,-6739.0,1644.0
18324.0,8652.0,21480.0,-12414.0,32767.0,-21445.0
808.0,-748.0,9136.0,-19149.0,32767.0,-26858.0
-10256.0,-6312.0,2924.0,-15515.0,32767.0,-22911.0
-19232.0,-12964.0,-3304.0,-11136.0,32404.0,-14373.0
-21912.0,-14936.0,-4140.0,-5529.0,17602.0,-1987.0
-23052.0,-15252.0,-844.0,-918.0,-11225.0,9525.0
-18432.0,-10912.0,-72.0,5144.0,-32317.0,18939.0
-10524.0,-4980.0,8324.0,11124.0,-32768.0,16018.0
-4916.0,556.0,7520.0,8851.0,-32768.0,17678.0
7236.0,4404.0,16220.0,1506.0,-32768.0,7830.0
14388.0,2488.0,22916.0,1995.0,-15298.0,-3226.0
15448.0,4316.0,19112.0,-6828.0,30268.0,-8799.0
6100.0,-2752.0,15832.0,-8946.0,32767.0,-19622.0
-4128.0,-2208.0,5824.0,-1185.0,32767.0,-24077.0
-21820.0,-9412.0,-8776.0,-8434.0,31164.0,-15086.0
-23368.0,-13436.0,-68.0,-14642.0,5941.0,-1982.0
-23060.0,-13540.0,1124.0,26.0,-6632.0,6809.0
-19728.0,-9380.0,4020.0,-692.0,-23368.0,11462.0
-13860.0,-5100.0,7880.0,11194.0,-32768.0,18135.0
-7796.0,1640.0,6540.0,7295.0,-32768.0,14319.0
1144.0,2544.0,12808.0,1266.0,-32768.0,4153.0
8156.0,-948.0,20708.0,2080.0,-32768.0,2335.0
11880.0,3224.0,16148.0,-1045.0,-9816.0,-716.0
19676.0,-996.0,22440.0,-3313.0,16762.0,2099.0
13000.0,4504.0,13024.0,-6132.0,32767.0,-5223.0
-4188.0,-1916.0,9996.0,-7576.0,32767.0,-4448.0
-16444.0,-700.0,-1464.0,-7874.0,32767.0,-11106.0
-26472.0,-7016.0,868.0,-11224.0,23723.0,-1329.0
-24916.0,-4844.0,-2284.0,-19.0,2947.0,18.0
-22396.0,-3724.0,-900.0,-3423.0,-18900.0,2023.0
-16788.0,-2992.0,9012.0,595.0,-32768.0,5363.0
-15388.0,-652.0,2424.0,4847.0,-32768.0,3918.0
-3024.0,-2052.0,14268.0,3427.0,-32768.0,-3191.0
6068.0,2308.0,16144.0,-2769.0,-30066.0,593.0
15496.0,896.0,19540.0,-9155.0,-5554.0,-285.0
14292.0,500.0,19220.0,-8232.0,28241.0,-12004.0
5152.0,-4744.0,14852.0,-7004.0,32767.0,-14298.0
-4696.0,-4988.0,11492.0,-7399.0,32767.0,-8042.0
-19904.0,-9384.0,124.0,-12406.0,32767.0,4559.0
-19540.0,-6824.0,5712.0,-7927.0,20481.0,9960.0
-22604.0,-4316.0,-52.0,-278.0,2528.0,7748.0
-22752.0,-4720.0,1280.0,-2929.0,-18981.0,3990.0
-17816.0,-6856.0,10456.0,2929.0,-32768.0,11231.0
-9528.0,176.0,7736.0,17898.0,-32768.0,8661.0
3688.0,3152.0,13268.0,1559.0,-32768.0,5318.0
10196.0,2324.0,17200.0,476.0,-24029.0,-3599.0
16920.0,528.0,17392.0,-14364.0,6931.0,3755.0
16204.0,1404.0,19652.0,-2046.0,16725.0,-8847.0
9852.0,1416.0,13816.0,-9177.0,32767.0,-12499.0
-7844.0,-6740.0,10008.0,-15046.0,32767.0,-15230.0
-21964.0,-8712.0,904.0,-7892.0,32767.0,-5561.0
-23584.0,-9020.0,3128.0,-7687.0,9768.0,3464.0
-22900.0,-7372.0,3224.0,-469.0,-9957.0,5045.0
-18668.0,-4724.0,5628.0,-7374.0,-30041.0,12167.0
-11680.0,-3820.0,14268.0,6243.0,-32768.0,9907.0
-4212.0,156.0,10956.0,6882.0,-32768.0,5777.0
7980.0,-644.0,15372.0,-1723.0,-18581.0,2727.0
10236.0,568.0,19688.0,-1776.0,3531.0,-2409.0
14404.0,960.0,20248.0,-4724.0,20693.0,-9102.0
8024.0,-2868.0,15340.0,-4435.0,32767.0,-18573.0
-3192.0,-3172.0,7984.0,-11041.0,32767.0,-15694.0
-20384.0,-11572.0,4580.0,-17573.0,32767.0,549.0
-20704.0,-9696.0,8636.0,-3116.0,23422.0,10491.0
-21068.0,-3780.0,-3444.0,4706.0,5889.0,9602.0
-23156.0,-5176.0,-428.0,-4268.0,-9011.0,8522.0
-17676.0,-2152.0,4328.0,582.0,-31886.0,7795.0
-15176.0,-2040.0,10312.0,4589.0,-32768.0,11377.0
-4260.0,1096.0,8684.0,1401.0,-32768.0,7504.0
9060.0,3148.0,22436.0,-10246.0,9354.0,-2089.0
9356.0,-516.0,25096.0,-8330.0,7102.0,-438.0
9828.0,560.0,18832.0,-6847.0,28485.0,-12703.0
832.0,-3644.0,11964.0,-6637.0,32767.0,-16929.0
-12636.0,-4332.0,1496.0,-4315.0,32767.0,-12883.0
-19284.0,-9224.0,2508.0,-10494.0,21389.0,-3831.0
-24680.0,-10804.0,-2972.0,-1144.0,3408.0,4657.0
-22380.0,-7412.0,-1472.0,-538.0,-16110.0,7260.0
-17884.0,-5472.0,9184.0,942.0,-32768.0,9024.0
-11196.0,-1284.0,11308.0,6910.0,-32768.0,9151.0
-5784.0,-2264.0,11976.0,5463.0,-32768.0,7059.0
9176.0,1096.0,17272.0,292.0,-13391.0,4038.0
10640.0,2148.0,17868.0,-1928.0,872.0,-3077.0
16128.0,-236.0,23324.0,-5678.0,26972.0,-6617.0
4028.0,256.0,12240.0,-6290.0,32767.0,-15442.0
-15932.0,-5584.0,-1232.0,-9518.0,32767.0,-15531.0
-18480.0,-8216.0,2912.0,-9525.0,24629.0,-1361.0
-24520.0,-9536.0,48.0,3524.0,153.0,6947.0
-22252.0,-6152.0,-2344.0,1003.0,-13442.0,6348.0
-19092.0,-5764.0,5404.0,-4954.0,-32768.0,13377.0
-8484.0,80.0,10048.0,8704.0,-32768.0,10509.0
2996.0,-740.0,20508.0,3802.0,-32397.0,6254.0
9728.0,2496.0,18052.0,-2208.0,-9842.0,3915.0
8096.0,768.0,24616.0,-6414.0,27307.0,-4693.0
7024.0,2600.0,18624.0,-6051.0,32767.0,-24609.0
-6944.0,-4728.0,7404.0,-9943.0,32767.0,-23101.0
-18296.0,-9880.0,-4088.0,-6977.0,24687.0,-15303.0
-21984.0,-13916.0,468.0,-10358.0,16809.0,-4891.0
-22408.0,-12684.0,-352.0,-1416.0,-3733.0,7252.0
-19376.0,-9064.0,-748.0,537.0,-25146.0,9908.0
-14024.0,-6208.0,5988.0,4974.0,-27670.0,5473.0
-9460.0,-3724.0,8756.0,10269.0,-32768.0,12651.0
4444.0,-488.0,14724.0,10678.0,-32768.0,14325.0
10008.0,2968.0,23928.0,-1649.0,8631.0,3318.0
11040.0,4344.0,22964.0,-4179.0,26911.0,-14217.0
5244.0,-2792.0,10336.0,-5557.0,32767.0,-30388.0
-11212.0,-10268.0,4368.0,-2716.0,32767.0,-28282.0
-18544.0,-14716.0,-404.0,-5857.0,21797.0,-13419.0
-19640.0,-16644.0,5124.0,-6107.0,9498.0,-4005.0
-22792.0,-17052.0,-540.0,-1550.0,-7033.0,11434.0
-19180.0,-13792.0,812.0,1596.0,-27497.0,10542.0
-13244.0,-9672.0,7708.0,12437.0,-32768.0,22100.0
-5716.0,-2764.0,8468.0,17061.0,-32768.0,30238.0
11556.0,3456.0,21400.0,2849.0,207.0,19121.0
11844.0,8640.0,25660.0,3653.0,-7051.0,3642.0
14840.0,6092.0,20464.0,-7078.0,32767.0,-24976.0
2276.0,-2708.0,9860.0,-7066.0,32767.0,-32768.0
-11680.0,-8276.0,3928.0,-9587.0,31408.0,-23611.0
-16120.0,-12272.0,5872.0,-19195.0,21852.0,-3874.0
-24260.0,-16744.0,2624.0,-9858.0,13000.0,11958.0
-23692.0,-10004.0,-3404.0,-7769.0,-5462.0,19924.0
-16616.0,-5544.0,5200.0,-7732.0,-26441.0,18982.0
-14928.0,-3544.0,11648.0,7406.0,-32768.0,20152.0
-6752.0,2316.0,9724.0,4586.0,-32768.0,19499.0
5744.0,5644.0,20304.0,4146.0,-13892.0,1924.0
2956.0,4340.0,15864.0,-7196.0,-6368.0,-7488.0
12112.0,3356.0,23000.0,-11215.0,29012.0,-18628.0
3116.0,-5452.0,13716.0,-3872.0,32767.0,-32768.0
-12620.0,-3916.0,-1148.0,-8393.0,32767.0,-22621.0
-13228.0,-7552.0,4100.0,-13555.0,21731.0,-6661.0
-20264.0,-11060.0,-1608.0,-5087.0,14652.0,-1033.0
-25192.0,-11820.0,-3148.0,-7666.0,874.0,10396.0
-17736.0,-5668.0,1316.0,-4721.0,-25330.0,9626.0
-17316.0,-6480.0,13320.0,5669.0,-32768.0,9912.0
-10652.0,-1116.0,6184.0,13342.0,-32768.0,13893.0
1276.0,-324.0,13392.0,2266.0,-32768.0,10782.0
11540.0,3372.0,19796.0,731.0,-6005.0,4989.0
11932.0,3036.0,21068.0,-9227.0,21839.0,-3301.0
7108.0,-208.0,18696.0,-4474.0,32767.0,-25382.0
-8700.0,-7920.0,4056.0,-4191.0,32767.0,-21743.0
-21448.0,-9776.0,-4028.0,-453.0,23579.0,-11307.0
-23980.0,-10460.0,-552.0,-4766.0,15441.0,2054.0
-22864.0,-7528.0,-2452.0,-4464.0,-644.0,7268.0
-22144.0,-7220.0,-676.0,-5617.0,-21514.0,3643.0
-17944.0,-7628.0,10116.0,5289.0,-28838.0,8794.0
-13208.0,-2696.0,988.0,4339.0,-32768.0,12799.0
3128.0,-980.0,17784.0,-6027.0,-13395.0,9172.0
5700.0,1752.0,21824.0,942.0,-12750.0,738.0
12236.0,84.0,25872.0,-7402.0,25370.0,-2612.0
3824.0,-3564.0,12280.0,2264.0,32767.0,-18730.0
-15408.0,-4704.0,-6120.0,2096.0,32767.0,-16432.0
-17804.0,-7968.0,-1164.0,-6065.0,15820.0,-6172.0
-27580.0,-12136.0,-4880.0,-1314.0,-3361.0,6922.0
-20676.0,-8268.0,6184.0,-15940.0,-25997.0,8237.0
-20316.0,-7936.0,7784.0,6843.0,-32768.0,11209.0
-10556.0,-1580.0,7744.0,8286.0,-32768.0,15817.0
-2140.0,-4.0,11992.0,-155.0,-21615.0,5833.0
6900.0,2664.0,24788.0,4041.0,-19276.0,4460.0
17236.0,7920.0,22820.0,-3546.0,3619.0,-6969.0
10812.0,-1516.0,16692.0,-8714.0,32767.0,-23044.0
-11784.0,-5992.0,-240.0,2954.0,32767.0,-17647.0
-13524.0,-4980.0,2080.0,-7695.0,27754.0,-13107.0
-22920.0,-11476.0,-1124.0,-4840.0,14339.0,730.0
-23996.0,-10056.0,-9236.0,-9201.0,-6782.0,1539.0
-22636.0,-9996.0,3436.0,-6430.0,-21955.0,106.0
-16748.0,-5852.0,12060.0,11684.0,-32768.0,19883.0
-11404.0,-568.0,1144.0,12127.0,-32768.0,18581.0
2852.0,2660.0,17896.0,-1603.0,-29620.0,19359.0
8752.0,5816.0,18204.0,5079.0,-15191.0,6975.0
10828.0,6000.0,19808.0,-6409.0,15189.0,-9632.0
5108.0,600.0,13080.0,-9126.0,32767.0,-25189.0
-8640.0,-5176.0,1724.0,1486.0,32767.0,-26104.0
-22276.0,-11456.0,-10772.0,1354.0,12973.0,-9677.0
-27168.0,-13388.0,-6676.0,-4315.0,3702.0,2957.0
-22984.0,-9312.0,-10276.0,-4995.0,-22026.0,6240.0
